portafolio_id,mes_desarrollo,proporcion
AUTOS,0,0.4
AUTOS,1,0.25
AUTOS,2,0.15
AUTOS,3,0.1
AUTOS,4,0.1
HOGAR,0,0.5
HOGAR,1,0.3
HOGAR,2,0.2
SOAT,0,0.3
SOAT,1,0.3
SOAT,2,0.2
SOAT,3,0.1
SOAT,4,0.1
CUMPLIMIENTO,0,0.08333333333333333
CUMPLIMIENTO,1,0.08333333333333333
CUMPLIMIENTO,2,0.08333333333333333
CUMPLIMIENTO,3,0.08333333333333333
CUMPLIMIENTO,4,0.08333333333333333
CUMPLIMIENTO,5,0.08333333333333333
CUMPLIMIENTO,6,0.08333333333333333
CUMPLIMIENTO,7,0.08333333333333333
CUMPLIMIENTO,8,0.08333333333333333
CUMPLIMIENTO,9,0.08333333333333333
CUMPLIMIENTO,10,0.08333333333333333
CUMPLIMIENTO,11,0.08333333333333333
VIDA_DEUDORES,0,0.7
VIDA_DEUDORES,1,0.3
