contrato_id,fecha_contable,tipo_movimiento,monto,inicio_cobertura,fin_cobertura
POL0000001,2023-03-10,EMISION,454322.0,,
POL0000002,2023-12-09,EMISION,1.378151e6,,
POL0000003,2024-10-18,EMISION,521435.0,,
POL0000004,2024-07-15,EMISION,913664.0,,
POL0000005,2023-01-18,EMISION,891439.0,,
POL0000006,2024-05-11,EMISION,2.566322e6,,
POL0000007,2023-07-29,EMISION,2.092022e6,,
POL0000008,2024-09-12,EMISION,2.917583e6,,
POL0000009,2024-10-26,EMISION,4.775065e6,,
POL0000010,2024-10-11,EMISION,1.453916e6,,
POL0000011,2023-01-12,EMISION,1.071734e6,,
POL0000012,2024-02-08,EMISION,1.449431e6,,
POL0000013,2024-09-27,EMISION,1.493924e6,,
POL0000014,2024-03-22,EMISION,562358.0,,
POL0000015,2023-04-19,EMISION,1.722241e6,,
POL0000016,2024-07-27,EMISION,634682.0,,
POL0000017,2024-11-16,EMISION,1.921712e6,,
POL0000018,2024-08-07,EMISION,873313.0,,
POL0000018,2024-09-24,ENDOSO,87331.0,2024-09-24,2025-08-13
POL0000019,2024-10-13,EMISION,2.093471e6,,
POL0000020,2023-06-13,EMISION,1.299129e6,,
POL0000021,2023-01-21,EMISION,3.367384e6,,
POL0000022,2024-07-06,EMISION,410583.0,,
POL0000023,2023-01-04,EMISION,2.096819e6,,
POL0000024,2023-02-18,EMISION,593317.0,,
POL0000025,2024-09-21,EMISION,715711.0,,
POL0000026,2023-08-05,EMISION,658000.0,,
POL0000027,2024-01-29,EMISION,4.101465e6,,
POL0000028,2023-02-25,EMISION,721617.0,,
POL0000029,2023-12-31,EMISION,2.951308e6,,
POL0000029,2024-07-14,CANCELACION,-1.370826e6,2024-07-15,2024-12-31
POL0000030,2024-08-25,EMISION,528215.0,,
POL0000030,2025-01-16,CANCELACION,-328506.0,2025-01-17,2025-08-31
POL0000031,2023-02-15,EMISION,2.826194e6,,
POL0000032,2024-07-31,EMISION,2.683573e6,,
POL0000033,2023-03-01,EMISION,1.261248e6,,
POL0000034,2023-01-20,EMISION,911414.0,,
POL0000035,2023-09-05,EMISION,5.562401e6,,
POL0000036,2024-08-22,EMISION,4.475956e6,,
POL0000037,2023-04-01,EMISION,6.989174e6,,
POL0000038,2024-08-19,EMISION,3.023943e6,,
POL0000039,2024-10-25,EMISION,742723.0,,
POL0000040,2023-08-17,EMISION,320463.0,,
POL0000041,2024-11-09,EMISION,684616.0,,
POL0000041,2025-04-29,CANCELACION,-388262.0,2025-04-30,2025-11-22
POL0000042,2024-05-13,EMISION,316877.0,,
POL0000043,2024-12-10,EMISION,1.07434e6,,
POL0000044,2024-06-12,EMISION,1.501488e6,,
POL0000045,2023-05-17,EMISION,592732.0,,
POL0000045,2027-11-16,ENDOSO,59273.0,2027-11-16,2028-05-29
POL0000046,2024-04-18,EMISION,7.548828e6,,
POL0000047,2024-09-24,EMISION,1.695867e6,,
POL0000048,2023-08-17,EMISION,820431.0,,
POL0000049,2024-07-05,EMISION,4.036529e6,,
POL0000050,2024-05-10,EMISION,4.729657e6,,
POL0000051,2023-01-12,EMISION,990767.0,,
POL0000052,2024-07-29,EMISION,2.539381e6,,
POL0000052,2026-03-24,ENDOSO,253938.0,2026-03-24,2026-08-09
POL0000053,2023-11-21,EMISION,1.465543e6,,
POL0000054,2023-10-17,EMISION,3.489126e6,,
POL0000055,2023-05-25,EMISION,877035.0,,
POL0000056,2024-01-13,EMISION,665281.0,,
POL0000057,2024-10-01,EMISION,1.142833e6,,
POL0000057,2025-04-13,ENDOSO,114283.0,2025-04-13,2027-10-15
POL0000058,2024-11-06,EMISION,770109.0,,
POL0000058,2025-02-25,ENDOSO,77011.0,2025-02-25,2025-11-20
POL0000059,2024-11-20,EMISION,2.400014e6,,
POL0000060,2024-09-16,EMISION,7.4952e6,,
POL0000061,2024-05-24,EMISION,1.791832e6,,
POL0000062,2023-03-03,EMISION,1.310971e6,,
POL0000063,2023-06-08,EMISION,1.44425e6,,
POL0000064,2024-11-04,EMISION,729096.0,,
POL0000064,2025-10-02,ENDOSO,72910.0,2025-10-02,2025-11-16
POL0000065,2023-10-02,EMISION,423331.0,,
POL0000065,2023-12-05,ENDOSO,42333.0,2023-12-05,2024-10-08
POL0000066,2023-10-15,EMISION,1.272644e6,,
POL0000067,2023-02-01,EMISION,581281.0,,
POL0000067,2023-07-31,ENDOSO,58128.0,2023-07-31,2024-02-07
POL0000068,2024-03-03,EMISION,2.18313e6,,
POL0000068,2024-05-27,CANCELACION,-1.734542e6,2024-05-28,2025-03-13
POL0000069,2023-01-14,EMISION,644911.0,,
POL0000070,2024-01-11,EMISION,1.421932e6,,
POL0000071,2023-12-15,EMISION,636957.0,,
POL0000072,2023-03-29,EMISION,1.34763e6,,
POL0000073,2024-05-16,EMISION,1.217425e6,,
POL0000073,2024-09-03,ENDOSO,121742.0,2024-09-03,2025-05-30
POL0000074,2023-01-20,EMISION,727037.0,,
POL0000075,2024-02-01,EMISION,2.31456e6,,
POL0000076,2023-04-04,EMISION,3.676757e6,,
POL0000077,2024-03-10,EMISION,707997.0,,
POL0000078,2023-03-22,EMISION,2.22445e6,,
POL0000079,2023-12-11,EMISION,1.927395e6,,
POL0000079,2024-10-17,CANCELACION,-284370.0,2024-10-18,2024-12-10
POL0000080,2024-09-13,EMISION,592973.0,,
POL0000081,2023-01-10,EMISION,1.752835e6,,
POL0000082,2023-10-30,EMISION,2.226612e6,,
POL0000083,2024-12-22,EMISION,850084.0,,
POL0000084,2023-12-01,EMISION,745782.0,,
POL0000085,2024-10-24,EMISION,508461.0,,
POL0000085,2025-01-14,CANCELACION,-408162.0,2025-01-15,2025-11-03
POL0000086,2024-12-24,EMISION,1.197618e6,,
POL0000087,2024-07-23,EMISION,743756.0,,
POL0000088,2023-03-13,EMISION,1.396913e6,,
POL0000089,2023-06-19,EMISION,3.407478e6,,
POL0000090,2023-11-25,EMISION,1.188127e6,,
POL0000091,2024-07-03,EMISION,759720.0,,
POL0000092,2024-10-02,EMISION,1.091989e6,,
POL0000093,2024-04-18,EMISION,2.059685e6,,
POL0000094,2024-11-16,EMISION,3.394957e6,,
POL0000094,2025-06-23,CANCELACION,-2.390422e6,2025-06-24,2026-11-19
POL0000095,2023-05-06,EMISION,2.158915e6,,
POL0000096,2023-08-30,EMISION,1.708654e6,,
POL0000096,2025-07-26,ENDOSO,170865.0,2025-07-26,2027-09-05
POL0000097,2024-01-25,EMISION,929530.0,,
POL0000098,2023-08-20,EMISION,1.516068e6,,
POL0000099,2024-06-24,EMISION,3.168662e6,,
POL0000100,2023-02-07,EMISION,3.282645e6,,
POL0000101,2023-03-27,EMISION,989168.0,,
POL0000102,2023-04-18,EMISION,7.116683e6,,
POL0000103,2024-01-19,EMISION,1.229357e6,,
POL0000104,2024-10-02,EMISION,2.065077e6,,
POL0000105,2023-10-03,EMISION,3.514982e6,,
POL0000106,2024-09-04,EMISION,1.044439e6,,
POL0000106,2027-05-12,ENDOSO,104444.0,2027-05-12,2027-09-03
POL0000107,2023-12-17,EMISION,2.612277e6,,
POL0000108,2024-06-11,EMISION,3.457858e6,,
POL0000109,2023-10-11,EMISION,558011.0,,
POL0000110,2023-09-23,EMISION,628927.0,,
POL0000111,2023-03-27,EMISION,3.3306e6,,
POL0000112,2024-03-03,EMISION,1.405378e6,,
POL0000113,2023-09-22,EMISION,1.739524e6,,
POL0000114,2023-02-18,EMISION,1.258774e6,,
POL0000114,2023-05-25,ENDOSO,125877.0,2023-05-25,2028-02-29
POL0000115,2024-11-28,EMISION,480803.0,,
POL0000116,2023-04-02,EMISION,3.700276e6,,
POL0000117,2023-07-11,EMISION,830011.0,,
POL0000117,2023-11-09,CANCELACION,-576019.0,2023-11-10,2024-07-20
POL0000118,2024-10-10,EMISION,4.110177e6,,
POL0000119,2024-09-08,EMISION,1.126628e6,,
POL0000120,2024-10-03,EMISION,3.656792e6,,
POL0000121,2024-12-25,EMISION,993014.0,,
POL0000122,2024-03-01,EMISION,580221.0,,
POL0000122,2024-12-12,ENDOSO,58022.0,2024-12-12,2025-03-13
POL0000123,2024-01-25,EMISION,549258.0,,
POL0000124,2024-03-10,EMISION,403579.0,,
POL0000125,2023-11-22,EMISION,4.807829e6,,
POL0000126,2023-12-24,EMISION,1.012479e6,,
POL0000127,2024-08-02,EMISION,518463.0,,
POL0000128,2023-10-16,EMISION,1.189672e6,,
POL0000128,2027-10-03,CANCELACION,-255906.0,2027-10-04,2028-10-30
POL0000129,2023-12-11,EMISION,773167.0,,
POL0000129,2024-05-27,ENDOSO,77317.0,2024-05-27,2024-12-20
POL0000130,2024-12-12,EMISION,661957.0,,
POL0000131,2023-03-22,EMISION,3.472854e6,,
POL0000132,2023-11-18,EMISION,4.142424e6,,
POL0000133,2024-10-11,EMISION,710465.0,,
POL0000134,2024-04-22,EMISION,932524.0,,
POL0000134,2024-12-01,ENDOSO,93252.0,2024-12-01,2025-04-22
POL0000135,2024-08-12,EMISION,718938.0,,
POL0000136,2023-04-20,EMISION,1.1328e6,,
POL0000136,2025-12-26,ENDOSO,113280.0,2025-12-26,2028-04-29
POL0000137,2024-04-28,EMISION,2.189416e6,,
POL0000138,2023-05-31,EMISION,4.943823e6,,
POL0000139,2024-12-23,EMISION,3.687625e6,,
POL0000140,2024-08-24,EMISION,1.384131e6,,
POL0000141,2023-08-02,EMISION,5.609193e6,,
POL0000142,2024-04-22,EMISION,1.042856e6,,
POL0000143,2023-07-03,EMISION,2.250036e6,,
POL0000144,2023-12-08,EMISION,776475.0,,
POL0000145,2023-01-14,EMISION,4.499058e6,,
POL0000146,2023-12-10,EMISION,6.425826e6,,
POL0000147,2024-10-28,EMISION,5.47638e6,,
POL0000148,2024-04-30,EMISION,2.795157e6,,
POL0000149,2023-11-30,EMISION,2.271621e6,,
POL0000150,2023-10-27,EMISION,711432.0,,
POL0000151,2024-09-24,EMISION,2.391992e6,,
POL0000152,2023-11-02,EMISION,2.069296e6,,
POL0000153,2023-11-18,EMISION,3.120302e6,,
POL0000153,2025-06-07,CANCELACION,-1.514599e6,2025-06-08,2026-11-21
POL0000154,2024-03-20,EMISION,1.845632e6,,
POL0000155,2024-11-14,EMISION,430552.0,,
POL0000156,2023-12-06,EMISION,444366.0,,
POL0000157,2023-06-09,EMISION,2.716586e6,,
POL0000158,2024-11-26,EMISION,1.670635e6,,
POL0000159,2023-08-05,EMISION,465857.0,,
POL0000160,2023-03-23,EMISION,817628.0,,
POL0000161,2022-12-30,EMISION,1.477815e6,,
POL0000162,2023-05-26,EMISION,982205.0,,
POL0000163,2023-09-16,EMISION,1.249274e6,,
POL0000164,2023-06-26,EMISION,983594.0,,
POL0000165,2023-11-01,EMISION,4.189312e6,,
POL0000166,2024-09-03,EMISION,1.230222e6,,
POL0000167,2023-09-29,EMISION,1.26834e6,,
POL0000168,2023-07-04,EMISION,5.766991e6,,
POL0000169,2023-12-22,EMISION,1.283308e6,,
POL0000170,2023-03-16,EMISION,714287.0,,
POL0000171,2024-09-11,EMISION,2.903654e6,,
POL0000172,2024-05-10,EMISION,869978.0,,
POL0000173,2023-03-13,EMISION,836600.0,,
POL0000174,2024-11-13,EMISION,755340.0,,
POL0000175,2023-09-20,EMISION,1.617323e6,,
POL0000176,2023-11-09,EMISION,5.342316e6,,
POL0000177,2024-05-05,EMISION,843031.0,,
POL0000178,2023-06-01,EMISION,4.426445e6,,
POL0000179,2023-02-19,EMISION,832844.0,,
POL0000179,2023-09-27,CANCELACION,-330856.0,2023-09-28,2024-02-19
POL0000180,2024-11-26,EMISION,1.426988e6,,
POL0000181,2022-12-26,EMISION,859410.0,,
POL0000182,2023-11-15,EMISION,5.093307e6,,
POL0000183,2024-08-22,EMISION,1.205504e6,,
POL0000184,2023-10-14,EMISION,548693.0,,
POL0000185,2023-08-13,EMISION,568981.0,,
POL0000186,2023-07-06,EMISION,896403.0,,
POL0000187,2023-03-26,EMISION,2.183642e6,,
POL0000188,2024-05-05,EMISION,1.126161e6,,
POL0000189,2024-11-02,EMISION,634556.0,,
POL0000190,2023-09-01,EMISION,629192.0,,
POL0000191,2024-08-06,EMISION,3.003603e6,,
POL0000192,2024-04-30,EMISION,916946.0,,
POL0000193,2024-07-16,EMISION,2.76871e6,,
POL0000194,2024-10-20,EMISION,1.118933e6,,
POL0000195,2023-01-10,EMISION,1.936694e6,,
POL0000196,2024-03-15,EMISION,763212.0,,
POL0000197,2024-08-02,EMISION,1.669387e6,,
POL0000198,2023-01-15,EMISION,1.261627e6,,
POL0000199,2024-04-10,EMISION,2.065215e6,,
POL0000200,2023-08-22,EMISION,933731.0,,
POL0000201,2024-11-23,EMISION,2.207761e6,,
POL0000202,2024-06-12,EMISION,956951.0,,
POL0000203,2023-08-05,EMISION,1.310419e6,,
POL0000204,2023-09-20,EMISION,781628.0,,
POL0000205,2023-04-17,EMISION,831772.0,,
POL0000206,2024-04-09,EMISION,3.947482e6,,
POL0000207,2024-10-09,EMISION,777205.0,,
POL0000208,2024-12-19,EMISION,3.666352e6,,
POL0000209,2024-09-16,EMISION,372497.0,,
POL0000210,2023-04-08,EMISION,822989.0,,
POL0000210,2023-11-21,CANCELACION,-339539.0,2023-11-22,2024-04-20
POL0000211,2024-05-30,EMISION,1.377245e6,,
POL0000212,2023-08-24,EMISION,708292.0,,
POL0000213,2023-01-28,EMISION,2.324845e6,,
POL0000214,2024-05-16,EMISION,1.561268e6,,
POL0000215,2024-04-21,EMISION,1.154408e6,,
POL0000216,2023-04-04,EMISION,884273.0,,
POL0000217,2023-09-18,EMISION,1.775079e6,,
POL0000218,2023-06-30,EMISION,608140.0,,
POL0000218,2024-03-09,CANCELACION,-197729.0,2024-03-10,2024-07-06
POL0000219,2024-07-27,EMISION,4.311616e6,,
POL0000220,2024-09-24,EMISION,3.181854e6,,
POL0000221,2024-04-02,EMISION,1.279345e6,,
POL0000222,2023-08-20,EMISION,1.535009e6,,
POL0000223,2023-11-24,EMISION,565523.0,,
POL0000224,2023-11-11,EMISION,1.00832e6,,
POL0000225,2023-06-22,EMISION,4.977601e6,,
POL0000226,2023-04-03,EMISION,442279.0,,
POL0000227,2024-01-05,EMISION,516387.0,,
POL0000228,2024-10-19,EMISION,2.090205e6,,
POL0000229,2023-11-30,EMISION,302219.0,,
POL0000230,2023-01-10,EMISION,561652.0,,
POL0000231,2023-12-02,EMISION,1.009078e6,,
POL0000232,2023-08-17,EMISION,1.023033e6,,
POL0000233,2024-10-27,EMISION,2.985216e6,,
POL0000234,2023-12-05,EMISION,598861.0,,
POL0000235,2023-08-09,EMISION,1.429859e6,,
POL0000236,2024-12-15,EMISION,534335.0,,
POL0000237,2023-05-21,EMISION,1.52903e6,,
POL0000237,2024-02-28,ENDOSO,152903.0,2024-02-28,2024-05-22
POL0000238,2023-09-01,EMISION,372880.0,,
POL0000239,2024-02-12,EMISION,673221.0,,
POL0000240,2024-08-09,EMISION,686677.0,,
POL0000241,2023-06-18,EMISION,3.792883e6,,
POL0000242,2023-09-12,EMISION,2.366159e6,,
POL0000243,2024-04-14,EMISION,593068.0,,
POL0000243,2026-05-11,ENDOSO,59307.0,2026-05-11,2027-04-18
POL0000244,2023-10-06,EMISION,1.371175e6,,
POL0000245,2024-10-08,EMISION,628630.0,,
POL0000246,2024-11-29,EMISION,3.421207e6,,
POL0000247,2024-12-20,EMISION,453131.0,,
POL0000248,2024-11-03,EMISION,639270.0,,
POL0000249,2024-08-06,EMISION,8.606956e6,,
POL0000250,2023-07-15,EMISION,377983.0,,
POL0000251,2023-08-11,EMISION,4.96032e6,,
POL0000252,2023-08-03,EMISION,509669.0,,
POL0000253,2024-04-27,EMISION,1.7602e6,,
POL0000254,2024-07-09,EMISION,2.800106e6,,
POL0000255,2024-01-06,EMISION,561208.0,,
POL0000256,2023-04-03,EMISION,379304.0,,
POL0000256,2023-07-02,CANCELACION,-300541.0,2023-07-03,2024-04-17
POL0000257,2024-03-23,EMISION,1.864722e6,,
POL0000258,2024-10-18,EMISION,1.639234e6,,
POL0000259,2024-03-16,EMISION,3.416082e6,,
POL0000260,2023-05-08,EMISION,1.492394e6,,
POL0000261,2023-04-18,EMISION,5.410423e6,,
POL0000262,2023-10-22,EMISION,2.282218e6,,
POL0000263,2024-02-25,EMISION,1.187698e6,,
POL0000263,2024-04-16,ENDOSO,118770.0,2024-04-16,2027-03-07
POL0000264,2023-10-24,EMISION,305682.0,,
POL0000265,2024-05-23,EMISION,462647.0,,
POL0000266,2024-12-26,EMISION,1.005832e6,,
POL0000267,2023-01-31,EMISION,577495.0,,
POL0000268,2023-09-20,EMISION,3.526976e6,,
POL0000269,2024-08-01,EMISION,1.775697e6,,
POL0000270,2023-11-12,EMISION,1.250835e6,,
POL0000271,2024-03-14,EMISION,1.759565e6,,
POL0000272,2023-11-13,EMISION,4.272109e6,,
POL0000273,2023-06-19,EMISION,1.234618e6,,
POL0000274,2023-12-27,EMISION,1.522927e6,,
POL0000275,2024-06-24,EMISION,372323.0,,
POL0000276,2023-06-23,EMISION,1.787813e6,,
POL0000276,2026-05-11,ENDOSO,178781.0,2026-05-11,2027-07-07
POL0000277,2024-05-24,EMISION,1.024234e6,,
POL0000278,2023-02-10,EMISION,2.345433e6,,
POL0000279,2024-01-07,EMISION,647707.0,,
POL0000279,2024-08-11,ENDOSO,64771.0,2024-08-11,2025-01-15
POL0000280,2023-01-20,EMISION,2.601807e6,,
POL0000281,2023-07-15,EMISION,1.549907e6,,
POL0000281,2027-07-15,CANCELACION,-313035.0,2027-07-16,2028-07-18
POL0000282,2024-08-30,EMISION,3.097368e6,,
POL0000283,2023-07-10,EMISION,478064.0,,
POL0000284,2023-03-04,EMISION,1.935582e6,,
POL0000285,2024-01-19,EMISION,664315.0,,
POL0000286,2024-01-25,EMISION,683099.0,,
POL0000287,2023-04-26,EMISION,813981.0,,
POL0000288,2023-09-16,EMISION,1.277538e6,,
POL0000289,2024-12-27,EMISION,452306.0,,
POL0000290,2024-05-27,EMISION,702290.0,,
POL0000291,2024-04-21,EMISION,4.562425e6,,
POL0000291,2025-01-16,CANCELACION,-1.18748e6,2025-01-17,2025-04-21
POL0000292,2023-09-12,EMISION,1.505003e6,,
POL0000293,2024-03-06,EMISION,1.727754e6,,
POL0000294,2024-10-14,EMISION,1.332394e6,,
POL0000295,2024-08-10,EMISION,6.712027e6,,
POL0000296,2024-05-27,EMISION,700504.0,,
POL0000297,2023-04-09,EMISION,573233.0,,
POL0000298,2023-12-16,EMISION,938146.0,,
POL0000299,2023-01-12,EMISION,825583.0,,
POL0000300,2023-09-18,EMISION,941104.0,,
POL0000300,2026-03-22,ENDOSO,94110.0,2026-03-22,2026-09-20
POL0000301,2023-12-06,EMISION,3.193371e6,,
POL0000302,2023-01-13,EMISION,3.712238e6,,
POL0000303,2024-07-11,EMISION,1.303511e6,,
POL0000303,2024-12-30,CANCELACION,-707110.0,2024-12-31,2025-07-16
POL0000304,2023-02-18,EMISION,1.293196e6,,
POL0000305,2024-08-03,EMISION,3.299344e6,,
POL0000306,2024-02-23,EMISION,950533.0,,
POL0000307,2024-08-02,EMISION,1.755063e6,,
POL0000308,2024-07-09,EMISION,807582.0,,
POL0000309,2024-08-22,EMISION,911814.0,,
POL0000310,2024-05-05,EMISION,2.867818e6,,
POL0000311,2023-10-27,EMISION,1.317669e6,,
POL0000312,2023-03-30,EMISION,765867.0,,
POL0000313,2023-03-24,EMISION,3.408512e6,,
POL0000314,2023-12-24,EMISION,414487.0,,
POL0000315,2024-08-20,EMISION,1.160644e6,,
POL0000316,2024-08-10,EMISION,1.968389e6,,
POL0000317,2023-12-11,EMISION,1.704758e6,,
POL0000318,2024-05-28,EMISION,774101.0,,
POL0000319,2023-10-31,EMISION,959512.0,,
POL0000320,2023-08-12,EMISION,787153.0,,
POL0000321,2023-09-29,EMISION,2.094552e6,,
POL0000322,2023-12-24,EMISION,842428.0,,
POL0000323,2024-11-01,EMISION,962129.0,,
POL0000324,2023-03-23,EMISION,1.035627e6,,
POL0000325,2023-06-16,EMISION,1.415945e6,,
POL0000326,2024-11-03,EMISION,1.803041e6,,
POL0000327,2023-05-21,EMISION,4.125799e6,,
POL0000328,2023-03-12,EMISION,499542.0,,
POL0000329,2024-12-06,EMISION,958205.0,,
POL0000330,2023-08-08,EMISION,548043.0,,
POL0000331,2023-11-24,EMISION,734978.0,,
POL0000332,2024-05-31,EMISION,3.439938e6,,
POL0000333,2023-06-19,EMISION,1.965696e6,,
POL0000334,2024-07-31,EMISION,505635.0,,
POL0000335,2023-11-04,EMISION,1.330754e6,,
POL0000336,2023-07-20,EMISION,1.106838e6,,
POL0000337,2023-01-02,EMISION,3.252937e6,,
POL0000338,2024-03-09,EMISION,2.017553e6,,
POL0000339,2023-06-17,EMISION,1.543047e6,,
POL0000340,2023-02-10,EMISION,755411.0,,
POL0000341,2023-10-14,EMISION,680886.0,,
POL0000342,2023-08-29,EMISION,1.132877e6,,
POL0000342,2027-01-16,ENDOSO,113288.0,2027-01-16,2027-09-10
POL0000343,2024-01-21,EMISION,1.288791e6,,
POL0000344,2023-05-30,EMISION,756212.0,,
POL0000344,2023-09-16,CANCELACION,-528935.0,2023-09-17,2024-05-29
POL0000345,2023-06-28,EMISION,8.435907e6,,
POL0000346,2024-08-08,EMISION,3.318553e6,,
POL0000347,2024-09-03,EMISION,648867.0,,
POL0000348,2024-10-31,EMISION,2.148908e6,,
POL0000349,2023-07-18,EMISION,3.668455e6,,
POL0000350,2023-08-12,EMISION,1.263484e6,,
POL0000351,2023-06-23,EMISION,2.580218e6,,
POL0000352,2023-02-03,EMISION,1.285308e6,,
POL0000353,2023-10-26,EMISION,2.508767e6,,
POL0000353,2024-05-22,CANCELACION,-1.110438e6,2024-05-23,2024-10-31
POL0000354,2023-01-24,EMISION,1.659709e6,,
POL0000355,2023-02-17,EMISION,513486.0,,
POL0000356,2023-12-05,EMISION,744507.0,,
POL0000357,2024-07-13,EMISION,3.70782e6,,
POL0000358,2023-08-01,EMISION,6.379351e6,,
POL0000359,2023-06-13,EMISION,2.726386e6,,
POL0000360,2023-01-11,EMISION,647077.0,,
POL0000361,2024-10-18,EMISION,2.556576e6,,
POL0000362,2024-08-22,EMISION,3.63221e6,,
POL0000363,2024-10-12,EMISION,565254.0,,
POL0000364,2024-01-05,EMISION,874379.0,,
POL0000365,2024-08-16,EMISION,571082.0,,
POL0000366,2023-07-05,EMISION,3.217092e6,,
POL0000367,2024-04-12,EMISION,1.007899e6,,
POL0000368,2023-07-05,EMISION,1.991452e6,,
POL0000369,2023-01-21,EMISION,918021.0,,
POL0000370,2023-07-30,EMISION,891884.0,,
POL0000371,2024-07-02,EMISION,2.139911e6,,
POL0000372,2023-03-24,EMISION,2.44982e6,,
POL0000372,2023-06-09,ENDOSO,244982.0,2023-06-09,2024-04-03
POL0000373,2024-03-23,EMISION,614473.0,,
POL0000374,2022-12-31,EMISION,2.762497e6,,
POL0000375,2024-08-21,EMISION,2.915016e6,,
POL0000376,2023-08-10,EMISION,3.167041e6,,
POL0000377,2024-10-02,EMISION,2.310929e6,,
POL0000378,2023-07-04,EMISION,4.288063e6,,
POL0000379,2024-10-23,EMISION,910472.0,,
POL0000380,2023-05-18,EMISION,2.385503e6,,
POL0000381,2024-04-15,EMISION,3.095921e6,,
POL0000382,2023-08-26,EMISION,1.652847e6,,
POL0000383,2023-04-20,EMISION,1.889147e6,,
POL0000384,2024-12-10,EMISION,629442.0,,
POL0000385,2024-11-28,EMISION,1.33692e6,,
POL0000386,2024-01-02,EMISION,1.859979e6,,
POL0000387,2023-02-15,EMISION,3.089545e6,,
POL0000387,2024-11-17,ENDOSO,308954.0,2024-11-17,2025-02-25
POL0000388,2024-06-03,EMISION,2.628027e6,,
POL0000389,2023-07-07,EMISION,5.171042e6,,
POL0000390,2023-05-30,EMISION,3.826676e6,,
POL0000391,2023-03-20,EMISION,538441.0,,
POL0000392,2024-02-23,EMISION,782154.0,,
POL0000393,2024-06-09,EMISION,1.297273e6,,
POL0000394,2023-11-23,EMISION,3.134705e6,,
POL0000395,2023-11-09,EMISION,3.424772e6,,
POL0000396,2023-04-27,EMISION,3.735897e6,,
POL0000397,2024-09-09,EMISION,928836.0,,
POL0000398,2023-12-05,EMISION,756763.0,,
POL0000399,2023-07-23,EMISION,2.906482e6,,
POL0000400,2023-06-19,EMISION,849794.0,,
POL0000401,2023-09-23,EMISION,3.167626e6,,
POL0000402,2023-11-26,EMISION,1.129818e6,,
POL0000403,2023-03-01,EMISION,644597.0,,
POL0000404,2023-06-16,EMISION,1.40009e6,,
POL0000405,2023-12-30,EMISION,2.536382e6,,
POL0000406,2024-11-09,EMISION,3.34663e6,,
POL0000407,2024-01-20,EMISION,6.52665e6,,
POL0000408,2023-06-19,EMISION,2.374734e6,,
POL0000409,2024-08-22,EMISION,1.44964e6,,
POL0000410,2024-01-05,EMISION,752622.0,,
POL0000411,2023-08-21,EMISION,1.699701e6,,
POL0000412,2024-06-17,EMISION,743369.0,,
POL0000413,2023-02-05,EMISION,3.14795e6,,
POL0000414,2023-03-18,EMISION,1.35017e6,,
POL0000415,2023-11-05,EMISION,748500.0,,
POL0000416,2024-06-28,EMISION,1.821548e6,,
POL0000417,2023-06-02,EMISION,2.260833e6,,
POL0000418,2023-08-12,EMISION,3.029318e6,,
POL0000419,2024-03-04,EMISION,542450.0,,
POL0000420,2023-09-05,EMISION,1.0240766e7,,
POL0000421,2024-06-03,EMISION,1.659698e6,,
POL0000422,2023-04-21,EMISION,1.711858e6,,
POL0000423,2023-09-23,EMISION,907429.0,,
POL0000424,2024-07-30,EMISION,357931.0,,
POL0000425,2024-11-16,EMISION,950691.0,,
POL0000426,2023-11-07,EMISION,2.513769e6,,
POL0000427,2024-04-16,EMISION,2.332394e6,,
POL0000428,2024-02-10,EMISION,2.888732e6,,
POL0000429,2024-03-09,EMISION,4.455102e6,,
POL0000430,2024-09-11,EMISION,2.125831e6,,
POL0000431,2023-04-09,EMISION,915332.0,,
POL0000432,2024-04-03,EMISION,1.066774e6,,
POL0000433,2023-06-22,EMISION,476358.0,,
POL0000434,2024-09-05,EMISION,6.150821e6,,
POL0000435,2023-03-29,EMISION,1.307302e6,,
POL0000436,2024-08-23,EMISION,3.436715e6,,
POL0000437,2024-05-24,EMISION,4.204239e6,,
POL0000438,2024-01-17,EMISION,1.792957e6,,
POL0000439,2023-08-25,EMISION,368631.0,,
POL0000440,2024-06-01,EMISION,2.242225e6,,
POL0000440,2024-10-22,CANCELACION,-1.419052e6,2024-10-23,2025-06-10
POL0000441,2024-09-05,EMISION,1.299081e6,,
POL0000442,2023-08-06,EMISION,2.326196e6,,
POL0000443,2023-10-11,EMISION,895705.0,,
POL0000443,2025-06-10,CANCELACION,-527246.0,2025-06-11,2027-10-18
POL0000444,2023-04-14,EMISION,770818.0,,
POL0000444,2023-09-29,ENDOSO,77082.0,2023-09-29,2024-04-27
POL0000445,2024-04-28,EMISION,2.972504e6,,
POL0000445,2024-10-20,ENDOSO,297250.0,2024-10-20,2025-04-28
POL0000446,2024-08-08,EMISION,3.187746e6,,
POL0000447,2023-11-19,EMISION,790346.0,,
POL0000448,2024-02-01,EMISION,463658.0,,
POL0000449,2023-04-30,EMISION,828929.0,,
POL0000450,2024-08-23,EMISION,871257.0,,
POL0000451,2024-04-30,EMISION,665980.0,,
POL0000452,2023-09-06,EMISION,1.207684e6,,
POL0000452,2024-11-01,CANCELACION,-858853.0,2024-11-02,2027-09-06
POL0000453,2024-07-05,EMISION,1.31535e6,,
POL0000454,2023-11-09,EMISION,708091.0,,
POL0000454,2025-07-09,ENDOSO,70809.0,2025-07-09,2026-11-09
POL0000455,2024-06-22,EMISION,4.948615e6,,
POL0000456,2024-08-29,EMISION,342935.0,,
POL0000457,2024-10-09,EMISION,1.475504e6,,
POL0000458,2023-08-09,EMISION,3.24297e6,,
POL0000459,2023-09-12,EMISION,1.856291e6,,
POL0000460,2024-03-30,EMISION,1.943286e6,,
POL0000461,2024-05-27,EMISION,2.776568e6,,
POL0000462,2023-08-07,EMISION,2.055688e6,,
POL0000463,2024-03-02,EMISION,1.513315e6,,
POL0000464,2023-11-15,EMISION,2.817993e6,,
POL0000465,2023-11-22,EMISION,557235.0,,
POL0000466,2024-07-03,EMISION,673044.0,,
POL0000467,2023-01-17,EMISION,530385.0,,
POL0000468,2024-12-20,EMISION,1.187931e6,,
POL0000469,2023-09-10,EMISION,1.854104e6,,
POL0000470,2023-07-18,EMISION,3.276795e6,,
POL0000470,2024-02-01,CANCELACION,-1.513056e6,2024-02-02,2024-07-19
POL0000471,2023-05-04,EMISION,1.968584e6,,
POL0000472,2023-11-01,EMISION,2.122512e6,,
POL0000473,2023-07-09,EMISION,2.234002e6,,
POL0000474,2024-08-05,EMISION,482540.0,,
POL0000475,2023-02-21,EMISION,864792.0,,
POL0000476,2024-06-03,EMISION,2.085082e6,,
POL0000477,2023-06-13,EMISION,1.108865e6,,
POL0000478,2024-01-30,EMISION,266037.0,,
POL0000479,2023-04-28,EMISION,1.236895e6,,
POL0000480,2023-07-26,EMISION,3.91818e6,,
POL0000480,2024-02-13,ENDOSO,391818.0,2024-02-13,2024-08-01
POL0000481,2023-08-12,EMISION,812095.0,,
POL0000482,2023-06-15,EMISION,1.382783e6,,
POL0000483,2024-04-12,EMISION,1.617549e6,,
POL0000484,2024-01-10,EMISION,1.167261e6,,
POL0000485,2023-09-21,EMISION,3.237927e6,,
POL0000486,2024-07-03,EMISION,514154.0,,
POL0000487,2024-01-18,EMISION,2.546647e6,,
POL0000487,2024-09-08,ENDOSO,254665.0,2024-09-08,2025-01-28
POL0000488,2024-06-09,EMISION,1.269552e6,,
POL0000488,2026-04-22,ENDOSO,126955.0,2026-04-22,2028-06-16
POL0000489,2024-02-10,EMISION,1.934764e6,,
POL0000490,2024-02-28,EMISION,999847.0,,
POL0000491,2024-08-19,EMISION,2.312123e6,,
POL0000492,2024-01-02,EMISION,1.386701e6,,
POL0000493,2022-12-25,EMISION,2.878528e6,,
POL0000494,2023-04-16,EMISION,2.421947e6,,
POL0000495,2024-04-28,EMISION,811831.0,,
POL0000496,2023-02-26,EMISION,3.944613e6,,
POL0000497,2023-09-07,EMISION,5.304946e6,,
POL0000497,2023-10-25,CANCELACION,-4.696182e6,2023-10-26,2024-09-13
POL0000498,2023-03-09,EMISION,766364.0,,
POL0000499,2023-07-10,EMISION,3.360062e6,,
POL0000500,2023-09-17,EMISION,1.029348e6,,
POL0000501,2023-11-12,EMISION,5.357278e6,,
POL0000502,2023-04-19,EMISION,2.337526e6,,
POL0000502,2023-06-21,CANCELACION,-1.986258e6,2023-06-22,2024-04-27
POL0000503,2023-06-20,EMISION,1.750964e6,,
POL0000504,2023-03-29,EMISION,3.221294e6,,
POL0000505,2023-01-06,EMISION,4.51268e6,,
POL0000506,2023-01-12,EMISION,1.854839e6,,
POL0000507,2024-12-04,EMISION,5.851825e6,,
POL0000508,2023-05-31,EMISION,4.403931e6,,
POL0000509,2024-12-01,EMISION,1.438133e6,,
POL0000510,2024-11-17,EMISION,3.965284e6,,
POL0000511,2023-03-03,EMISION,840765.0,,
POL0000512,2024-08-19,EMISION,531192.0,,
POL0000513,2024-11-20,EMISION,662737.0,,
POL0000514,2023-08-30,EMISION,769160.0,,
POL0000515,2024-10-09,EMISION,1.113901e6,,
POL0000515,2024-12-29,CANCELACION,-897224.0,2024-12-30,2025-10-19
POL0000516,2024-04-07,EMISION,829160.0,,
POL0000517,2024-08-10,EMISION,1.467473e6,,
POL0000518,2023-10-05,EMISION,4.663278e6,,
POL0000519,2023-12-18,EMISION,1.127626e6,,
POL0000520,2023-04-02,EMISION,344966.0,,
POL0000521,2023-02-15,EMISION,797528.0,,
POL0000522,2023-11-22,EMISION,631476.0,,
POL0000523,2024-11-22,EMISION,6.989413e6,,
POL0000524,2023-08-11,EMISION,458188.0,,
POL0000525,2024-12-21,EMISION,384999.0,,
POL0000526,2023-10-25,EMISION,1.20272e6,,
POL0000527,2024-01-10,EMISION,670280.0,,
POL0000528,2023-12-03,EMISION,734815.0,,
POL0000529,2023-09-28,EMISION,444285.0,,
POL0000529,2023-12-07,ENDOSO,44428.0,2023-12-07,2024-09-29
POL0000530,2023-06-14,EMISION,2.409026e6,,
POL0000531,2024-05-11,EMISION,1.047732e6,,
POL0000532,2024-05-09,EMISION,899769.0,,
POL0000532,2024-10-31,ENDOSO,89977.0,2024-10-31,2025-05-14
POL0000533,2024-10-01,EMISION,322602.0,,
POL0000534,2023-07-24,EMISION,533556.0,,
POL0000535,2023-02-22,EMISION,299572.0,,
POL0000536,2024-01-28,EMISION,1.479658e6,,
POL0000537,2023-02-08,EMISION,1.451509e6,,
POL0000538,2022-12-19,EMISION,1.045952e6,,
POL0000539,2023-01-10,EMISION,1.99196e6,,
POL0000540,2023-09-07,EMISION,2.494926e6,,
POL0000541,2024-03-26,EMISION,6.855903e6,,
POL0000542,2023-11-23,EMISION,934330.0,,
POL0000543,2024-10-26,EMISION,1.936368e6,,
POL0000544,2024-08-31,EMISION,1.901079e6,,
POL0000545,2024-06-01,EMISION,1.471855e6,,
POL0000545,2028-08-14,CANCELACION,-235368.0,2028-08-15,2029-06-02
POL0000546,2024-12-20,EMISION,1.025004e6,,
POL0000547,2023-08-20,EMISION,1.023668e6,,
POL0000548,2024-02-02,EMISION,3.774392e6,,
POL0000549,2023-05-31,EMISION,427079.0,,
POL0000550,2023-02-11,EMISION,1.466898e6,,
POL0000550,2023-05-14,ENDOSO,146690.0,2023-05-14,2024-02-25
POL0000551,2023-12-28,EMISION,1.239551e6,,
POL0000552,2024-12-25,EMISION,3.182157e6,,
POL0000553,2023-08-26,EMISION,1.881276e6,,
POL0000554,2023-12-17,EMISION,788243.0,,
POL0000555,2023-05-16,EMISION,1.056302e6,,
POL0000556,2024-08-12,EMISION,320738.0,,
POL0000557,2023-02-18,EMISION,342078.0,,
POL0000558,2023-03-22,EMISION,693181.0,,
POL0000559,2024-05-22,EMISION,2.105127e6,,
POL0000560,2024-02-09,EMISION,546582.0,,
POL0000561,2023-06-23,EMISION,637631.0,,
POL0000562,2023-06-12,EMISION,806695.0,,
POL0000563,2024-05-30,EMISION,2.155923e6,,
POL0000564,2024-06-18,EMISION,707828.0,,
POL0000565,2023-12-31,EMISION,781272.0,,
POL0000566,2023-05-26,EMISION,3.544692e6,,
POL0000567,2023-09-15,EMISION,389092.0,,
POL0000568,2023-05-05,EMISION,731866.0,,
POL0000569,2023-09-13,EMISION,3.318723e6,,
POL0000569,2023-12-02,ENDOSO,331872.0,2023-12-02,2024-09-26
POL0000570,2023-04-19,EMISION,4.016259e6,,
POL0000571,2024-02-20,EMISION,2.088768e6,,
POL0000571,2024-09-08,ENDOSO,208877.0,2024-09-08,2025-03-04
POL0000572,2023-11-07,EMISION,1.331816e6,,
POL0000573,2023-01-08,EMISION,1.056212e6,,
POL0000574,2024-03-05,EMISION,1.777035e6,,
POL0000575,2023-08-16,EMISION,1.01429e6,,
POL0000576,2023-06-17,EMISION,4.631881e6,,
POL0000577,2024-05-23,EMISION,724068.0,,
POL0000578,2023-01-13,EMISION,625711.0,,
POL0000579,2023-12-10,EMISION,462840.0,,
POL0000580,2023-01-29,EMISION,5.280418e6,,
POL0000581,2024-04-20,EMISION,4.355389e6,,
POL0000582,2024-08-25,EMISION,3.748723e6,,
POL0000583,2023-04-26,EMISION,1.861786e6,,
POL0000584,2023-07-20,EMISION,2.960708e6,,
POL0000584,2024-04-26,ENDOSO,296071.0,2024-04-26,2026-07-20
POL0000585,2024-04-05,EMISION,656342.0,,
POL0000586,2023-06-27,EMISION,1.65793e6,,
POL0000586,2023-09-16,ENDOSO,165793.0,2023-09-16,2024-07-07
POL0000587,2023-12-15,EMISION,741594.0,,
POL0000588,2023-11-02,EMISION,844003.0,,
POL0000589,2024-11-04,EMISION,2.255693e6,,
POL0000590,2024-11-15,EMISION,273584.0,,
POL0000591,2024-02-26,EMISION,1.465275e6,,
POL0000591,2029-02-19,ENDOSO,146528.0,2029-02-19,2029-02-25
POL0000592,2023-06-11,EMISION,6.710509e6,,
POL0000593,2023-05-01,EMISION,1.626856e6,,
POL0000594,2024-10-08,EMISION,2.608471e6,,
POL0000595,2024-01-31,EMISION,1.653936e6,,
POL0000596,2024-06-20,EMISION,3.270809e6,,
POL0000596,2025-05-11,ENDOSO,327081.0,2025-05-11,2025-07-03
POL0000597,2023-04-16,EMISION,702906.0,,
POL0000598,2024-02-12,EMISION,3.585246e6,,
POL0000599,2023-08-03,EMISION,2.582676e6,,
POL0000600,2023-09-08,EMISION,2.210195e6,,
POL0000601,2023-04-09,EMISION,2.80733e6,,
POL0000602,2023-12-14,EMISION,517806.0,,
POL0000603,2024-09-09,EMISION,2.586453e6,,
POL0000604,2023-11-09,EMISION,370385.0,,
POL0000604,2024-10-15,ENDOSO,37038.0,2024-10-15,2024-11-14
POL0000605,2023-02-17,EMISION,1.68239e6,,
POL0000606,2024-08-09,EMISION,2.354368e6,,
POL0000607,2022-12-25,EMISION,2.996963e6,,
POL0000608,2024-11-01,EMISION,777813.0,,
POL0000609,2023-10-15,EMISION,794718.0,,
POL0000610,2023-07-14,EMISION,4.211138e6,,
POL0000611,2023-04-11,EMISION,529247.0,,
POL0000612,2024-06-24,EMISION,1.602983e6,,
POL0000613,2023-04-12,EMISION,2.078789e6,,
POL0000614,2024-03-03,EMISION,866523.0,,
POL0000615,2023-07-07,EMISION,2.299924e6,,
POL0000616,2023-09-17,EMISION,926181.0,,
POL0000617,2024-09-20,EMISION,1.290432e6,,
POL0000617,2027-08-14,ENDOSO,129043.0,2027-08-14,2027-09-26
POL0000618,2023-05-07,EMISION,1.601943e6,,
POL0000619,2024-01-06,EMISION,913043.0,,
POL0000620,2023-07-21,EMISION,777190.0,,
POL0000621,2023-03-17,EMISION,786156.0,,
POL0000622,2023-04-26,EMISION,1.140957e6,,
POL0000622,2025-07-11,CANCELACION,-305019.0,2025-07-12,2026-04-30
POL0000623,2024-02-17,EMISION,1.746875e6,,
POL0000624,2024-11-17,EMISION,2.706491e6,,
POL0000625,2023-05-09,EMISION,930400.0,,
POL0000626,2024-04-30,EMISION,782696.0,,
POL0000627,2023-02-21,EMISION,2.894526e6,,
POL0000628,2023-08-19,EMISION,1.8224e6,,
POL0000628,2023-11-14,CANCELACION,-1.438999e6,2023-11-15,2024-08-29
POL0000629,2023-11-13,EMISION,321284.0,,
POL0000630,2024-05-25,EMISION,974166.0,,
POL0000631,2024-12-12,EMISION,1.027323e6,,
POL0000632,2024-07-16,EMISION,5.47281e6,,
POL0000633,2023-12-18,EMISION,5.733152e6,,
POL0000634,2024-12-13,EMISION,1.054027e6,,
POL0000635,2024-01-20,EMISION,2.495351e6,,
POL0000636,2023-07-03,EMISION,1.429693e6,,
POL0000637,2024-07-25,EMISION,2.134083e6,,
POL0000638,2023-11-28,EMISION,5.261678e6,,
POL0000639,2023-11-21,EMISION,2.758707e6,,
POL0000640,2023-06-04,EMISION,1.69919e6,,
POL0000641,2023-01-29,EMISION,1.261313e6,,
POL0000641,2023-03-30,ENDOSO,126131.0,2023-03-30,2024-02-02
POL0000642,2023-11-30,EMISION,452808.0,,
POL0000643,2023-11-16,EMISION,2.042195e6,,
POL0000644,2023-10-04,EMISION,773489.0,,
POL0000645,2024-02-11,EMISION,2.858868e6,,
POL0000646,2024-09-12,EMISION,3.965401e6,,
POL0000647,2023-03-11,EMISION,1.199696e6,,
POL0000648,2023-06-14,EMISION,710717.0,,
POL0000649,2023-11-11,EMISION,639278.0,,
POL0000650,2023-03-18,EMISION,1.407381e6,,
POL0000650,2023-10-01,ENDOSO,140738.0,2023-10-01,2024-03-21
POL0000651,2023-06-14,EMISION,3.785559e6,,
POL0000652,2024-03-08,EMISION,846295.0,,
POL0000653,2024-06-12,EMISION,946535.0,,
POL0000654,2023-06-07,EMISION,485181.0,,
POL0000654,2026-01-15,CANCELACION,-66403.0,2026-01-16,2026-06-14
POL0000655,2024-09-25,EMISION,2.025398e6,,
POL0000656,2023-09-03,EMISION,581933.0,,
POL0000657,2023-05-07,EMISION,2.603913e6,,
POL0000658,2023-02-28,EMISION,5.212446e6,,
POL0000659,2022-12-29,EMISION,292045.0,,
POL0000660,2023-02-07,EMISION,3.417408e6,,
POL0000661,2024-02-10,EMISION,529074.0,,
POL0000662,2023-01-15,EMISION,1.642896e6,,
POL0000663,2024-10-30,EMISION,1.983668e6,,
POL0000664,2023-09-26,EMISION,740785.0,,
POL0000665,2023-03-12,EMISION,2.778686e6,,
POL0000666,2023-02-27,EMISION,2.426876e6,,
POL0000667,2023-10-08,EMISION,3.950022e6,,
POL0000668,2023-08-07,EMISION,787158.0,,
POL0000669,2023-10-03,EMISION,3.604227e6,,
POL0000670,2023-10-31,EMISION,658473.0,,
POL0000671,2023-12-03,EMISION,1.320225e6,,
POL0000672,2024-11-28,EMISION,1.373329e6,,
POL0000673,2024-07-03,EMISION,752499.0,,
POL0000674,2024-03-26,EMISION,818606.0,,
POL0000675,2024-01-18,EMISION,2.128228e6,,
POL0000676,2024-04-10,EMISION,1.173121e6,,
POL0000677,2023-12-08,EMISION,2.748555e6,,
POL0000678,2024-05-20,EMISION,2.575471e6,,
POL0000679,2024-10-05,EMISION,2.733331e6,,
POL0000680,2023-05-30,EMISION,3.196576e6,,
POL0000681,2024-10-02,EMISION,1.002989e6,,
POL0000682,2023-04-21,EMISION,798114.0,,
POL0000683,2023-05-15,EMISION,628097.0,,
POL0000684,2023-03-17,EMISION,1.293652e6,,
POL0000685,2024-07-12,EMISION,1.746657e6,,
POL0000686,2024-05-05,EMISION,637251.0,,
POL0000687,2024-10-06,EMISION,1.606005e6,,
POL0000688,2023-01-11,EMISION,1.530939e6,,
POL0000689,2024-09-09,EMISION,1.092637e6,,
POL0000690,2024-10-17,EMISION,4.453558e6,,
POL0000691,2024-10-22,EMISION,1.087587e6,,
POL0000692,2023-12-03,EMISION,2.100738e6,,
POL0000693,2023-02-28,EMISION,1.265056e6,,
POL0000694,2023-11-01,EMISION,688851.0,,
POL0000695,2024-07-04,EMISION,733746.0,,
POL0000696,2023-08-28,EMISION,668347.0,,
POL0000697,2024-10-28,EMISION,890262.0,,
POL0000698,2023-03-09,EMISION,3.546905e6,,
POL0000699,2024-12-07,EMISION,2.206384e6,,
POL0000700,2023-01-04,EMISION,1.714222e6,,
POL0000701,2023-07-26,EMISION,1.179888e6,,
POL0000702,2024-06-27,EMISION,2.914053e6,,
POL0000703,2023-04-09,EMISION,3.496257e6,,
POL0000704,2024-09-03,EMISION,572175.0,,
POL0000705,2023-11-16,EMISION,2.311534e6,,
POL0000706,2024-02-04,EMISION,706020.0,,
POL0000706,2024-07-23,CANCELACION,-381945.0,2024-07-24,2025-02-06
POL0000707,2024-09-06,EMISION,4.712562e6,,
POL0000708,2023-06-15,EMISION,1.004647e6,,
POL0000709,2023-11-18,EMISION,4.502114e6,,
POL0000710,2023-03-13,EMISION,2.239232e6,,
POL0000711,2023-09-12,EMISION,482952.0,,
POL0000712,2024-02-16,EMISION,2.242888e6,,
POL0000712,2028-12-09,ENDOSO,224289.0,2028-12-09,2029-02-21
POL0000713,2023-08-14,EMISION,2.149458e6,,
POL0000714,2023-05-07,EMISION,675814.0,,
POL0000715,2024-12-01,EMISION,3.226641e6,,
POL0000716,2023-10-01,EMISION,675859.0,,
POL0000717,2024-01-27,EMISION,2.995208e6,,
POL0000718,2023-11-06,EMISION,3.486597e6,,
POL0000719,2024-08-16,EMISION,959612.0,,
POL0000720,2023-12-06,EMISION,4.42366e6,,
POL0000721,2024-07-18,EMISION,563111.0,,
POL0000722,2023-11-06,EMISION,5.252176e6,,
POL0000723,2023-12-19,EMISION,927957.0,,
POL0000724,2023-08-13,EMISION,657232.0,,
POL0000725,2023-06-15,EMISION,589426.0,,
POL0000726,2023-09-19,EMISION,1.137064e6,,
POL0000727,2024-05-13,EMISION,1.342746e6,,
POL0000728,2024-05-15,EMISION,605795.0,,
POL0000728,2029-03-19,CANCELACION,-21896.0,2029-03-20,2029-05-24
POL0000729,2023-07-08,EMISION,1.196664e6,,
POL0000730,2024-04-22,EMISION,4.282814e6,,
POL0000731,2023-04-08,EMISION,791681.0,,
POL0000732,2024-10-29,EMISION,773997.0,,
POL0000733,2024-04-08,EMISION,1.510019e6,,
POL0000733,2026-07-05,CANCELACION,-401293.0,2026-07-06,2027-04-22
POL0000734,2024-05-20,EMISION,2.652118e6,,
POL0000735,2023-04-16,EMISION,662795.0,,
POL0000736,2023-02-10,EMISION,786010.0,,
POL0000737,2023-07-12,EMISION,513199.0,,
POL0000738,2024-12-18,EMISION,862246.0,,
POL0000739,2023-10-28,EMISION,781236.0,,
POL0000740,2024-02-06,EMISION,567091.0,,
POL0000741,2023-09-08,EMISION,664529.0,,
POL0000742,2024-01-21,EMISION,1.825176e6,,
POL0000743,2024-07-22,EMISION,2.347393e6,,
POL0000744,2024-10-27,EMISION,6.867707e6,,
POL0000745,2024-11-12,EMISION,952996.0,,
POL0000745,2027-11-14,ENDOSO,95300.0,2027-11-14,2027-11-14
POL0000746,2024-01-22,EMISION,4.539151e6,,
POL0000747,2024-09-16,EMISION,700052.0,,
POL0000748,2023-10-20,EMISION,3.277966e6,,
POL0000749,2024-09-13,EMISION,704266.0,,
POL0000750,2023-04-25,EMISION,4.027696e6,,
POL0000751,2023-09-06,EMISION,717434.0,,
POL0000752,2023-06-10,EMISION,3.385754e6,,
POL0000753,2024-06-06,EMISION,6.322282e6,,
POL0000754,2024-11-16,EMISION,4.580246e6,,
POL0000755,2024-07-17,EMISION,2.692496e6,,
POL0000756,2024-10-17,EMISION,593315.0,,
POL0000757,2024-06-27,EMISION,3.563495e6,,
POL0000758,2024-01-17,EMISION,777893.0,,
POL0000759,2023-01-15,EMISION,544270.0,,
POL0000759,2023-10-04,CANCELACION,-167009.0,2023-10-05,2024-01-24
POL0000760,2023-11-29,EMISION,607815.0,,
POL0000760,2024-06-28,CANCELACION,-538617.0,2024-06-29,2028-12-03
POL0000761,2023-05-30,EMISION,1.003791e6,,
POL0000762,2024-11-28,EMISION,1.694401e6,,
POL0000763,2024-04-25,EMISION,762889.0,,
POL0000764,2024-10-08,EMISION,2.043579e6,,
POL0000764,2025-09-09,ENDOSO,204358.0,2025-09-09,2025-10-18
POL0000765,2024-02-10,EMISION,5.293251e6,,
POL0000766,2023-11-24,EMISION,486772.0,,
POL0000767,2024-07-16,EMISION,671479.0,,
POL0000768,2024-04-15,EMISION,220019.0,,
POL0000769,2024-03-31,EMISION,3.939071e6,,
POL0000770,2023-08-08,EMISION,2.834183e6,,
POL0000771,2023-04-07,EMISION,639356.0,,
POL0000772,2023-05-24,EMISION,928024.0,,
POL0000773,2024-06-11,EMISION,1.200758e6,,
POL0000773,2027-06-27,CANCELACION,-297518.0,2027-06-28,2028-06-23
POL0000774,2024-06-27,EMISION,581982.0,,
POL0000775,2024-12-12,EMISION,1.504447e6,,
POL0000776,2023-07-23,EMISION,839292.0,,
POL0000777,2023-06-26,EMISION,2.943188e6,,
POL0000778,2024-06-30,EMISION,1.199987e6,,
POL0000778,2024-09-07,ENDOSO,119999.0,2024-09-07,2025-07-01
POL0000779,2024-04-10,EMISION,301564.0,,
POL0000780,2024-08-29,EMISION,783057.0,,
POL0000780,2024-11-20,CANCELACION,-609283.0,2024-11-21,2025-08-31
POL0000781,2023-10-25,EMISION,789334.0,,
POL0000782,2024-03-03,EMISION,1.815323e6,,
POL0000783,2023-09-26,EMISION,1.993212e6,,
POL0000784,2024-11-25,EMISION,1.40316e6,,
POL0000785,2024-08-22,EMISION,629627.0,,
POL0000786,2024-06-05,EMISION,1.244783e6,,
POL0000787,2024-05-31,EMISION,1.44648e6,,
POL0000788,2024-06-01,EMISION,932329.0,,
POL0000789,2024-05-31,EMISION,1.171994e6,,
POL0000790,2024-11-14,EMISION,2.77676e6,,
POL0000790,2025-07-22,ENDOSO,277676.0,2025-07-22,2025-11-13
POL0000791,2023-11-01,EMISION,503953.0,,
POL0000792,2024-08-20,EMISION,1.715766e6,,
POL0000793,2023-09-09,EMISION,2.234057e6,,
POL0000794,2024-11-07,EMISION,3.120686e6,,
POL0000795,2023-12-08,EMISION,5.084241e6,,
POL0000796,2023-02-16,EMISION,965033.0,,
POL0000797,2024-06-17,EMISION,403688.0,,
POL0000798,2024-04-10,EMISION,2.90807e6,,
POL0000799,2023-02-20,EMISION,2.459305e6,,
POL0000800,2024-11-11,EMISION,1.129008e6,,
POL0000801,2023-07-16,EMISION,834633.0,,
POL0000802,2024-03-06,EMISION,558546.0,,
POL0000803,2024-02-14,EMISION,3.737922e6,,
POL0000804,2023-10-27,EMISION,546440.0,,
POL0000805,2023-05-31,EMISION,5.442016e6,,
POL0000806,2023-08-17,EMISION,792431.0,,
POL0000807,2023-12-21,EMISION,5.605597e6,,
POL0000808,2023-11-04,EMISION,6.19452e6,,
POL0000808,2024-11-20,CANCELACION,-4.063741e6,2024-11-21,2026-11-09
POL0000809,2024-04-04,EMISION,2.485027e6,,
POL0000810,2024-09-28,EMISION,1.605553e6,,
POL0000810,2024-12-21,ENDOSO,160555.0,2024-12-21,2025-09-30
POL0000811,2024-04-14,EMISION,1.579217e6,,
POL0000812,2023-01-03,EMISION,397497.0,,
POL0000813,2024-01-12,EMISION,2.027541e6,,
POL0000814,2024-04-12,EMISION,793147.0,,
POL0000815,2024-03-04,EMISION,1.114702e6,,
POL0000816,2023-08-21,EMISION,1.089036e6,,
POL0000817,2023-08-06,EMISION,7.980234e6,,
POL0000818,2023-05-09,EMISION,1.486573e6,,
POL0000819,2024-03-30,EMISION,1.617902e6,,
POL0000820,2024-01-15,EMISION,1.186234e6,,
POL0000821,2023-09-26,EMISION,1.996723e6,,
POL0000821,2024-06-27,CANCELACION,-572830.0,2024-06-28,2024-10-10
POL0000822,2023-05-15,EMISION,3.072554e6,,
POL0000823,2024-06-01,EMISION,2.273972e6,,
POL0000823,2025-03-27,ENDOSO,227397.0,2025-03-27,2025-06-15
POL0000824,2024-03-16,EMISION,738922.0,,
POL0000825,2024-10-20,EMISION,1.000438e6,,
POL0000826,2023-12-06,EMISION,946453.0,,
POL0000827,2024-10-26,EMISION,1.963886e6,,
POL0000828,2024-01-21,EMISION,1.926582e6,,
POL0000829,2024-10-29,EMISION,1.199622e6,,
POL0000830,2024-04-19,EMISION,845566.0,,
POL0000831,2023-06-15,EMISION,876900.0,,
POL0000832,2023-04-16,EMISION,953047.0,,
POL0000833,2023-11-09,EMISION,1.847715e6,,
POL0000834,2024-04-27,EMISION,1.583767e6,,
POL0000835,2024-01-23,EMISION,579453.0,,
POL0000836,2023-05-19,EMISION,612363.0,,
POL0000837,2023-03-28,EMISION,787933.0,,
POL0000838,2023-11-30,EMISION,3.77001e6,,
POL0000839,2023-09-24,EMISION,1.808891e6,,
POL0000840,2024-03-15,EMISION,2.645954e6,,
POL0000841,2023-08-08,EMISION,1.619282e6,,
POL0000842,2024-03-26,EMISION,830475.0,,
POL0000843,2024-02-18,EMISION,2.352882e6,,
POL0000844,2023-05-27,EMISION,1.209123e6,,
POL0000845,2023-12-29,EMISION,966448.0,,
POL0000846,2023-11-10,EMISION,552927.0,,
POL0000847,2024-06-17,EMISION,1.112086e6,,
POL0000848,2023-03-08,EMISION,749303.0,,
POL0000849,2023-01-01,EMISION,2.789308e6,,
POL0000850,2023-06-22,EMISION,1.389518e6,,
POL0000851,2024-04-18,EMISION,2.568737e6,,
POL0000852,2024-05-12,EMISION,4.349772e6,,
POL0000853,2024-12-02,EMISION,655003.0,,
POL0000854,2023-04-23,EMISION,2.513011e6,,
POL0000855,2023-10-18,EMISION,4.978457e6,,
POL0000856,2024-07-19,EMISION,822784.0,,
POL0000857,2023-07-27,EMISION,1.046268e6,,
POL0000858,2024-11-06,EMISION,2.112516e6,,
POL0000859,2024-10-14,EMISION,3.269944e6,,
POL0000860,2023-09-18,EMISION,353901.0,,
POL0000861,2024-06-26,EMISION,757477.0,,
POL0000862,2023-02-08,EMISION,2.643497e6,,
POL0000863,2023-04-23,EMISION,6.655244e6,,
POL0000864,2023-07-10,EMISION,538275.0,,
POL0000865,2023-01-27,EMISION,1.370776e6,,
POL0000866,2024-11-04,EMISION,1.036343e6,,
POL0000867,2024-10-01,EMISION,1.450418e6,,
POL0000868,2023-11-17,EMISION,2.397465e6,,
POL0000869,2023-02-22,EMISION,196318.0,,
POL0000870,2024-06-11,EMISION,2.66312e6,,
POL0000871,2024-07-11,EMISION,997182.0,,
POL0000872,2024-04-19,EMISION,852757.0,,
POL0000873,2024-02-20,EMISION,435927.0,,
POL0000874,2024-05-16,EMISION,4.317903e6,,
POL0000875,2024-09-16,EMISION,2.57982e6,,
POL0000876,2023-06-06,EMISION,982826.0,,
POL0000877,2024-03-01,EMISION,978034.0,,
POL0000878,2023-08-25,EMISION,1.146507e6,,
POL0000879,2023-02-02,EMISION,1.140129e6,,
POL0000880,2023-10-07,EMISION,390645.0,,
POL0000881,2023-04-14,EMISION,1.392044e6,,
POL0000882,2023-09-14,EMISION,1.088766e6,,
POL0000883,2024-05-26,EMISION,2.830599e6,,
POL0000884,2024-09-16,EMISION,1.2356e6,,
POL0000885,2024-09-14,EMISION,728445.0,,
POL0000886,2023-04-03,EMISION,2.367246e6,,
POL0000887,2024-05-14,EMISION,890945.0,,
POL0000888,2024-02-19,EMISION,2.602975e6,,
POL0000889,2024-10-13,EMISION,5.005006e6,,
POL0000889,2024-12-15,CANCELACION,-4.195978e6,2024-12-16,2025-10-17
POL0000890,2023-06-27,EMISION,523010.0,,
POL0000891,2023-04-19,EMISION,7.150205e6,,
POL0000892,2023-05-29,EMISION,910022.0,,
POL0000893,2023-01-01,EMISION,2.026044e6,,
POL0000894,2023-01-14,EMISION,1.334986e6,,
POL0000895,2023-10-01,EMISION,631806.0,,
POL0000896,2023-05-14,EMISION,2.226603e6,,
POL0000897,2024-07-21,EMISION,2.47295e6,,
POL0000898,2024-10-31,EMISION,4.178148e6,,
POL0000899,2023-11-10,EMISION,398128.0,,
POL0000900,2023-11-14,EMISION,2.345573e6,,
POL0000901,2023-10-07,EMISION,2.304844e6,,
POL0000902,2024-03-08,EMISION,2.887016e6,,
POL0000903,2023-07-25,EMISION,1.844384e6,,
POL0000904,2023-05-15,EMISION,5.594234e6,,
POL0000905,2024-04-13,EMISION,945301.0,,
POL0000906,2024-02-04,EMISION,2.612998e6,,
POL0000906,2025-10-09,CANCELACION,-1.180141e6,2025-10-10,2027-02-16
POL0000907,2023-04-05,EMISION,2.826757e6,,
POL0000908,2023-04-17,EMISION,752897.0,,
POL0000909,2024-04-23,EMISION,1.610428e6,,
POL0000910,2023-04-17,EMISION,3.350461e6,,
POL0000911,2023-07-06,EMISION,551624.0,,
POL0000911,2023-10-05,ENDOSO,55162.0,2023-10-05,2024-07-18
POL0000912,2024-03-25,EMISION,2.44647e6,,
POL0000913,2024-05-24,EMISION,908264.0,,
POL0000914,2024-10-13,EMISION,672915.0,,
POL0000915,2023-10-02,EMISION,310795.0,,
POL0000916,2023-07-24,EMISION,1.157513e6,,
POL0000917,2024-08-22,EMISION,2.538753e6,,
POL0000918,2023-10-24,EMISION,544044.0,,
POL0000919,2024-02-05,EMISION,559251.0,,
POL0000920,2024-02-25,EMISION,325879.0,,
POL0000921,2023-08-08,EMISION,1.278906e6,,
POL0000921,2026-05-26,CANCELACION,-562803.0,2026-05-27,2028-08-07
POL0000922,2023-07-23,EMISION,798557.0,,
POL0000923,2024-12-10,EMISION,9.21625e6,,
POL0000924,2024-02-02,EMISION,757260.0,,
POL0000925,2023-08-18,EMISION,373647.0,,
POL0000926,2023-10-10,EMISION,645210.0,,
POL0000927,2024-07-18,EMISION,622556.0,,
POL0000928,2024-04-10,EMISION,1.130072e6,,
POL0000929,2023-11-14,EMISION,1.240795e6,,
POL0000930,2023-10-30,EMISION,1.117985e6,,
POL0000931,2024-01-15,EMISION,1.643947e6,,
POL0000932,2023-04-24,EMISION,1.638441e6,,
POL0000933,2023-12-11,EMISION,714277.0,,
POL0000934,2024-02-19,EMISION,1.879203e6,,
POL0000935,2023-10-24,EMISION,1.199268e6,,
POL0000936,2023-07-26,EMISION,476616.0,,
POL0000937,2024-10-29,EMISION,1.848965e6,,
POL0000938,2024-04-26,EMISION,2.115846e6,,
POL0000939,2023-08-30,EMISION,5.028308e6,,
POL0000940,2024-02-06,EMISION,963098.0,,
POL0000940,2024-11-15,ENDOSO,96310.0,2024-11-15,2025-02-17
POL0000941,2024-11-11,EMISION,2.390426e6,,
POL0000942,2023-08-08,EMISION,2.824001e6,,
POL0000943,2024-11-15,EMISION,1.92866e6,,
POL0000944,2023-03-24,EMISION,700442.0,,
POL0000945,2023-02-27,EMISION,2.906204e6,,
POL0000945,2024-04-09,ENDOSO,290620.0,2024-04-09,2026-03-13
POL0000946,2023-04-07,EMISION,707082.0,,
POL0000947,2023-03-27,EMISION,1.665615e6,,
POL0000948,2024-09-11,EMISION,3.903878e6,,
POL0000949,2024-06-20,EMISION,1.53976e6,,
POL0000950,2024-11-13,EMISION,1.732405e6,,
POL0000951,2023-03-25,EMISION,3.484689e6,,
POL0000952,2023-01-30,EMISION,3.595507e6,,
POL0000953,2024-01-06,EMISION,1.592673e6,,
POL0000954,2023-09-27,EMISION,720223.0,,
POL0000955,2023-07-11,EMISION,814107.0,,
POL0000956,2023-08-23,EMISION,1.142991e6,,
POL0000957,2024-06-11,EMISION,578010.0,,
POL0000958,2023-01-23,EMISION,844380.0,,
POL0000959,2023-11-04,EMISION,2.144625e6,,
POL0000959,2024-06-22,ENDOSO,214462.0,2024-06-22,2024-11-14
POL0000960,2023-05-22,EMISION,4.882483e6,,
POL0000961,2024-01-19,EMISION,2.568283e6,,
POL0000962,2023-06-08,EMISION,1.164691e6,,
POL0000963,2023-10-24,EMISION,4.013996e6,,
POL0000964,2023-02-25,EMISION,2.902925e6,,
POL0000965,2023-03-04,EMISION,2.375908e6,,
POL0000965,2024-02-14,ENDOSO,237591.0,2024-02-14,2024-03-16
POL0000966,2023-12-05,EMISION,1.506916e6,,
POL0000967,2023-04-03,EMISION,3.799333e6,,
POL0000968,2024-01-20,EMISION,818288.0,,
POL0000969,2024-04-19,EMISION,1.756588e6,,
POL0000970,2024-09-29,EMISION,2.458616e6,,
POL0000971,2023-03-21,EMISION,1.051978e6,,
POL0000972,2024-07-25,EMISION,5.792313e6,,
POL0000973,2023-04-10,EMISION,1.123186e6,,
POL0000974,2024-09-06,EMISION,818997.0,,
POL0000975,2023-06-03,EMISION,1.853488e6,,
POL0000975,2024-04-03,ENDOSO,185349.0,2024-04-03,2024-06-12
POL0000976,2024-06-10,EMISION,2.063205e6,,
POL0000977,2023-06-23,EMISION,2.58215e6,,
POL0000978,2024-05-22,EMISION,4.343557e6,,
POL0000979,2024-08-20,EMISION,2.412866e6,,
POL0000979,2026-01-21,ENDOSO,241287.0,2026-01-21,2029-08-19
POL0000980,2024-06-09,EMISION,1.342492e6,,
POL0000981,2024-02-15,EMISION,2.181523e6,,
POL0000982,2024-05-03,EMISION,1.667594e6,,
POL0000983,2024-02-09,EMISION,1.688201e6,,
POL0000984,2023-07-22,EMISION,799182.0,,
POL0000985,2024-12-20,EMISION,2.007772e6,,
POL0000986,2024-01-04,EMISION,700935.0,,
POL0000987,2023-11-01,EMISION,2.705876e6,,
POL0000988,2023-09-27,EMISION,3.090957e6,,
POL0000989,2023-05-24,EMISION,5.753989e6,,
POL0000990,2023-01-14,EMISION,4.246569e6,,
POL0000991,2023-12-16,EMISION,766567.0,,
POL0000991,2024-02-06,CANCELACION,-659750.0,2024-02-07,2024-12-17
POL0000992,2024-06-30,EMISION,3.676763e6,,
POL0000993,2024-01-21,EMISION,762500.0,,
POL0000994,2024-02-15,EMISION,2.359032e6,,
POL0000995,2024-07-01,EMISION,2.429037e6,,
POL0000995,2025-01-23,CANCELACION,-1.763547e6,2025-01-24,2026-07-07
POL0000996,2024-11-25,EMISION,847892.0,,
POL0000997,2023-12-07,EMISION,1.150535e6,,
POL0000998,2023-12-23,EMISION,2.816347e6,,
POL0000999,2023-08-25,EMISION,3.722744e6,,
POL0001000,2023-03-01,EMISION,1.128691e6,,
POL0001001,2024-05-19,EMISION,2.850379e6,,
POL0001002,2023-04-30,EMISION,1.260728e6,,
POL0001003,2024-05-01,EMISION,1.686751e6,,
POL0001004,2023-02-20,EMISION,2.247728e6,,
POL0001005,2022-12-29,EMISION,3.940603e6,,
POL0001006,2024-07-07,EMISION,701649.0,,
POL0001007,2023-08-20,EMISION,1.133817e6,,
POL0001008,2023-07-12,EMISION,3.6118e6,,
POL0001009,2023-12-31,EMISION,749297.0,,
POL0001010,2024-06-01,EMISION,575691.0,,
POL0001011,2024-05-22,EMISION,4.271825e6,,
POL0001012,2023-12-18,EMISION,1.012758e6,,
POL0001013,2024-03-16,EMISION,2.176628e6,,
POL0001013,2024-11-05,CANCELACION,-858724.0,2024-11-06,2025-03-29
POL0001014,2023-03-15,EMISION,2.520991e6,,
POL0001015,2023-02-24,EMISION,1.722977e6,,
POL0001016,2024-12-24,EMISION,1.098457e6,,
POL0001017,2023-07-01,EMISION,593811.0,,
POL0001018,2023-01-06,EMISION,1.911826e6,,
POL0001019,2023-04-15,EMISION,2.095962e6,,
POL0001020,2023-04-11,EMISION,692052.0,,
POL0001021,2024-02-06,EMISION,2.094683e6,,
POL0001022,2023-05-03,EMISION,854320.0,,
POL0001023,2024-11-28,EMISION,680931.0,,
POL0001024,2024-02-04,EMISION,7.630434e6,,
POL0001025,2024-06-30,EMISION,5.118696e6,,
POL0001026,2024-06-05,EMISION,965034.0,,
POL0001027,2024-06-29,EMISION,457591.0,,
POL0001028,2024-04-09,EMISION,3.118055e6,,
POL0001029,2024-08-28,EMISION,616626.0,,
POL0001030,2023-02-23,EMISION,505898.0,,
POL0001031,2024-02-28,EMISION,1.294196e6,,
POL0001032,2024-02-27,EMISION,610070.0,,
POL0001033,2024-09-07,EMISION,1.726014e6,,
POL0001034,2024-01-08,EMISION,3.136011e6,,
POL0001035,2024-05-28,EMISION,2.768676e6,,
POL0001036,2024-11-12,EMISION,897582.0,,
POL0001037,2023-10-06,EMISION,597992.0,,
POL0001038,2023-03-25,EMISION,2.048126e6,,
POL0001039,2024-04-14,EMISION,757447.0,,
POL0001040,2024-01-27,EMISION,485546.0,,
POL0001041,2024-02-15,EMISION,1.260237e6,,
POL0001042,2024-02-20,EMISION,1.560987e6,,
POL0001043,2023-02-06,EMISION,281251.0,,
POL0001044,2023-08-22,EMISION,3.245962e6,,
POL0001045,2023-05-22,EMISION,1.86092e6,,
POL0001045,2023-09-22,ENDOSO,186092.0,2023-09-22,2024-06-03
POL0001046,2024-11-18,EMISION,1.219507e6,,
POL0001047,2023-06-15,EMISION,897220.0,,
POL0001047,2023-08-11,CANCELACION,-769746.0,2023-08-12,2024-06-20
POL0001048,2024-10-14,EMISION,1.014218e6,,
POL0001049,2024-12-18,EMISION,990961.0,,
POL0001050,2024-08-09,EMISION,798704.0,,
POL0001051,2024-06-07,EMISION,569223.0,,
POL0001052,2023-04-18,EMISION,4.601187e6,,
POL0001052,2026-02-21,CANCELACION,-256088.0,2026-02-22,2026-04-23
POL0001053,2024-09-30,EMISION,902127.0,,
POL0001054,2024-10-19,EMISION,3.463105e6,,
POL0001055,2024-11-19,EMISION,1.633341e6,,
POL0001056,2023-06-17,EMISION,556352.0,,
POL0001057,2024-04-27,EMISION,1.485967e6,,
POL0001058,2024-05-24,EMISION,1.984843e6,,
POL0001059,2024-10-20,EMISION,1.546943e6,,
POL0001060,2024-04-09,EMISION,1.064965e6,,
POL0001061,2023-09-08,EMISION,1.883801e6,,
POL0001062,2023-07-26,EMISION,1.383258e6,,
POL0001062,2024-07-07,CANCELACION,-113382.0,2024-07-08,2024-08-06
POL0001063,2023-08-10,EMISION,1.374396e6,,
POL0001064,2023-04-10,EMISION,1.352918e6,,
POL0001065,2024-10-27,EMISION,2.421554e6,,
POL0001066,2023-02-01,EMISION,888020.0,,
POL0001067,2023-08-05,EMISION,3.436127e6,,
POL0001068,2024-11-24,EMISION,367601.0,,
POL0001069,2023-10-17,EMISION,3.447038e6,,
POL0001070,2024-02-28,EMISION,502877.0,,
POL0001070,2024-08-28,ENDOSO,50288.0,2024-08-28,2025-03-13
POL0001071,2023-02-14,EMISION,3.086373e6,,
POL0001072,2024-03-08,EMISION,792815.0,,
POL0001073,2023-07-11,EMISION,1.228252e6,,
POL0001074,2024-10-27,EMISION,1.179554e6,,
POL0001075,2023-04-20,EMISION,2.319905e6,,
POL0001076,2024-03-27,EMISION,751584.0,,
POL0001077,2024-07-23,EMISION,820458.0,,
POL0001078,2024-08-07,EMISION,2.495731e6,,
POL0001079,2024-06-28,EMISION,4.239653e6,,
POL0001079,2025-05-18,CANCELACION,-627236.0,2025-05-19,2025-07-11
POL0001080,2024-09-11,EMISION,379294.0,,
POL0001081,2023-05-01,EMISION,790234.0,,
POL0001082,2023-07-07,EMISION,1.219621e6,,
POL0001083,2023-01-26,EMISION,6.084347e6,,
POL0001084,2023-11-11,EMISION,3.774418e6,,
POL0001085,2024-02-29,EMISION,772664.0,,
POL0001086,2024-02-18,EMISION,1.184007e6,,
POL0001087,2024-10-22,EMISION,1.473875e6,,
POL0001088,2023-01-10,EMISION,3.40042e6,,
POL0001089,2023-11-05,EMISION,1.663259e6,,
POL0001089,2024-08-22,CANCELACION,-340832.0,2024-08-23,2024-11-05
POL0001090,2024-11-14,EMISION,2.802178e6,,
POL0001091,2023-01-04,EMISION,2.020439e6,,
POL0001092,2023-04-23,EMISION,1.459087e6,,
POL0001093,2023-02-09,EMISION,2.61423e6,,
POL0001093,2023-06-01,CANCELACION,-1.82638e6,2023-06-02,2024-02-11
POL0001094,2023-10-20,EMISION,3.420232e6,,
POL0001094,2024-01-14,ENDOSO,342023.0,2024-01-14,2026-10-29
POL0001095,2023-03-13,EMISION,1.268574e6,,
POL0001096,2024-03-03,EMISION,619701.0,,
POL0001097,2023-07-05,EMISION,2.295386e6,,
POL0001098,2024-09-11,EMISION,693180.0,,
POL0001099,2024-01-17,EMISION,855921.0,,
POL0001100,2023-06-04,EMISION,2.209335e6,,
POL0001101,2024-08-12,EMISION,1.435923e6,,
POL0001102,2023-08-26,EMISION,566469.0,,
POL0001102,2024-07-29,CANCELACION,-49527.0,2024-07-30,2024-08-30
POL0001103,2024-10-26,EMISION,441769.0,,
POL0001104,2023-07-05,EMISION,3.264762e6,,
POL0001104,2024-09-07,ENDOSO,326476.0,2024-09-07,2026-07-12
POL0001105,2023-06-17,EMISION,4.472813e6,,
POL0001106,2023-09-20,EMISION,3.69098e6,,
POL0001107,2023-02-19,EMISION,8.487486e6,,
POL0001108,2023-12-08,EMISION,3.318069e6,,
POL0001109,2024-03-09,EMISION,4.115407e6,,
POL0001110,2023-07-24,EMISION,2.15769e6,,
POL0001111,2024-05-03,EMISION,2.583648e6,,
POL0001112,2022-12-24,EMISION,5.551359e6,,
POL0001113,2024-08-19,EMISION,956624.0,,
POL0001114,2024-02-19,EMISION,1.409971e6,,
POL0001115,2024-09-16,EMISION,1.198952e6,,
POL0001116,2024-01-24,EMISION,3.643935e6,,
POL0001117,2023-05-06,EMISION,1.309454e6,,
POL0001118,2024-01-10,EMISION,697062.0,,
POL0001119,2024-09-27,EMISION,694824.0,,
POL0001120,2024-01-15,EMISION,416764.0,,
POL0001121,2023-09-23,EMISION,1.020499e6,,
POL0001122,2023-01-10,EMISION,2.08511e6,,
POL0001123,2024-08-21,EMISION,947730.0,,
POL0001124,2023-06-27,EMISION,2.736391e6,,
POL0001124,2023-11-28,ENDOSO,273639.0,2023-11-28,2024-06-30
POL0001125,2023-05-23,EMISION,435053.0,,
POL0001126,2024-09-21,EMISION,1.705056e6,,
POL0001127,2023-02-14,EMISION,2.133075e6,,
POL0001128,2023-02-19,EMISION,864846.0,,
POL0001129,2023-09-24,EMISION,1.065028e6,,
POL0001130,2024-03-08,EMISION,879450.0,,
POL0001131,2024-04-05,EMISION,552523.0,,
POL0001132,2024-01-29,EMISION,1.425354e6,,
POL0001133,2024-12-05,EMISION,898853.0,,
POL0001134,2024-10-19,EMISION,944466.0,,
POL0001135,2024-05-16,EMISION,1.875252e6,,
POL0001136,2023-11-18,EMISION,444068.0,,
POL0001137,2024-05-19,EMISION,742816.0,,
POL0001138,2023-04-26,EMISION,1.614969e6,,
POL0001139,2023-04-25,EMISION,1.349718e6,,
POL0001140,2023-07-08,EMISION,494711.0,,
POL0001141,2023-12-17,EMISION,3.727159e6,,
POL0001142,2023-07-04,EMISION,1.122678e6,,
POL0001143,2023-07-19,EMISION,1.657214e6,,
POL0001144,2023-08-05,EMISION,1.320367e6,,
POL0001145,2023-08-15,EMISION,649962.0,,
POL0001146,2023-05-01,EMISION,1.451117e6,,
POL0001147,2023-09-30,EMISION,2.790304e6,,
POL0001148,2024-10-07,EMISION,886023.0,,
POL0001149,2023-06-07,EMISION,1.509754e6,,
POL0001150,2023-07-13,EMISION,1.910353e6,,
POL0001150,2024-04-20,ENDOSO,191035.0,2024-04-20,2024-07-19
POL0001151,2023-03-02,EMISION,6.166004e6,,
POL0001152,2023-11-01,EMISION,1.480667e6,,
POL0001153,2024-12-10,EMISION,685324.0,,
POL0001154,2024-01-23,EMISION,535022.0,,
POL0001155,2023-02-18,EMISION,1.201069e6,,
POL0001156,2023-04-25,EMISION,807949.0,,
POL0001157,2024-05-10,EMISION,5.723403e6,,
POL0001158,2024-10-31,EMISION,649808.0,,
POL0001159,2023-03-23,EMISION,499977.0,,
POL0001160,2024-06-10,EMISION,2.263228e6,,
POL0001161,2024-04-24,EMISION,1.003957e6,,
POL0001162,2024-03-12,EMISION,712069.0,,
POL0001163,2023-10-11,EMISION,436041.0,,
POL0001164,2023-01-13,EMISION,796286.0,,
POL0001165,2023-03-03,EMISION,2.509129e6,,
POL0001166,2023-02-11,EMISION,733334.0,,
POL0001167,2024-03-31,EMISION,394212.0,,
POL0001168,2024-03-13,EMISION,989028.0,,
POL0001169,2023-09-30,EMISION,6.444167e6,,
POL0001170,2023-11-26,EMISION,1.774595e6,,
POL0001171,2023-12-05,EMISION,5.34899e6,,
POL0001171,2025-11-30,CANCELACION,-131712.0,2025-12-01,2025-12-18
POL0001172,2024-03-09,EMISION,827416.0,,
POL0001173,2024-10-26,EMISION,662060.0,,
POL0001174,2023-03-27,EMISION,798614.0,,
POL0001175,2023-03-14,EMISION,2.968175e6,,
POL0001176,2023-01-28,EMISION,1.083579e6,,
POL0001177,2023-12-05,EMISION,372125.0,,
POL0001177,2024-04-27,ENDOSO,37212.0,2024-04-27,2024-12-04
POL0001178,2024-10-01,EMISION,2.144053e6,,
POL0001179,2023-04-23,EMISION,1.974087e6,,
POL0001180,2024-08-08,EMISION,707150.0,,
POL0001181,2024-10-29,EMISION,521756.0,,
POL0001182,2024-11-24,EMISION,4.788143e6,,
POL0001183,2024-07-11,EMISION,1.451758e6,,
POL0001184,2024-01-23,EMISION,2.011893e6,,
POL0001184,2025-10-11,ENDOSO,201189.0,2025-10-11,2028-01-30
POL0001185,2024-02-19,EMISION,447203.0,,
POL0001185,2025-01-16,ENDOSO,44720.0,2025-01-16,2025-03-04
POL0001186,2024-06-29,EMISION,1.260895e6,,
POL0001187,2022-12-28,EMISION,5.073504e6,,
POL0001188,2023-04-26,EMISION,542829.0,,
POL0001189,2024-04-01,EMISION,818717.0,,
POL0001190,2024-07-29,EMISION,666394.0,,
POL0001191,2024-10-28,EMISION,2.129394e6,,
POL0001192,2023-04-15,EMISION,4.360024e6,,
POL0001193,2024-03-19,EMISION,3.831844e6,,
POL0001194,2023-01-22,EMISION,230209.0,,
POL0001195,2023-04-01,EMISION,310038.0,,
POL0001196,2023-04-30,EMISION,2.69456e6,,
POL0001197,2023-12-09,EMISION,4.529867e6,,
POL0001198,2023-11-21,EMISION,2.80386e6,,
POL0001199,2024-09-22,EMISION,3.31504e6,,
POL0001200,2024-11-17,EMISION,550390.0,,
POL0001201,2024-09-10,EMISION,1.106532e6,,
POL0001202,2024-11-02,EMISION,1.702747e6,,
POL0001203,2023-12-09,EMISION,1.234577e6,,
POL0001204,2024-11-08,EMISION,599582.0,,
POL0001205,2023-09-12,EMISION,4.79787e6,,
POL0001206,2024-04-28,EMISION,846782.0,,
POL0001207,2023-07-26,EMISION,4.882758e6,,
POL0001207,2024-04-04,ENDOSO,488276.0,2024-04-04,2024-08-09
POL0001208,2023-09-09,EMISION,1.167469e6,,
POL0001209,2023-04-24,EMISION,534837.0,,
POL0001210,2023-05-03,EMISION,988939.0,,
POL0001211,2024-01-19,EMISION,2.146853e6,,
POL0001212,2023-05-08,EMISION,4.318285e6,,
POL0001213,2023-05-07,EMISION,1.525001e6,,
POL0001214,2023-08-01,EMISION,1.004119e6,,
POL0001215,2023-08-28,EMISION,5.532405e6,,
POL0001216,2023-10-03,EMISION,2.056788e6,,
POL0001217,2024-10-03,EMISION,1.000873e6,,
POL0001218,2024-04-13,EMISION,3.67675e6,,
POL0001218,2025-01-01,ENDOSO,367675.0,2025-01-01,2025-04-17
POL0001219,2023-05-09,EMISION,1.042744e6,,
POL0001220,2024-07-28,EMISION,920048.0,,
POL0001221,2023-01-04,EMISION,664196.0,,
POL0001222,2023-10-14,EMISION,1.780862e6,,
POL0001223,2024-03-26,EMISION,714877.0,,
POL0001224,2023-09-10,EMISION,1.020859e6,,
POL0001224,2024-08-05,CANCELACION,-139462.0,2024-08-06,2024-09-24
POL0001225,2023-08-03,EMISION,2.367252e6,,
POL0001226,2024-04-04,EMISION,5.452326e6,,
POL0001227,2023-01-30,EMISION,1.954922e6,,
POL0001228,2023-08-08,EMISION,844930.0,,
POL0001228,2024-02-13,ENDOSO,84493.0,2024-02-13,2024-08-17
POL0001229,2024-06-17,EMISION,395446.0,,
POL0001230,2023-04-29,EMISION,715779.0,,
POL0001231,2024-08-03,EMISION,2.47017e6,,
POL0001232,2023-04-29,EMISION,1.259605e6,,
POL0001233,2023-08-30,EMISION,1.211866e6,,
POL0001234,2023-05-07,EMISION,2.281133e6,,
POL0001235,2024-02-13,EMISION,3.868399e6,,
POL0001236,2023-10-06,EMISION,609978.0,,
POL0001237,2024-01-17,EMISION,879879.0,,
POL0001238,2023-08-09,EMISION,2.400307e6,,
POL0001239,2023-01-11,EMISION,5.075247e6,,
POL0001240,2024-11-07,EMISION,6.451378e6,,
POL0001241,2024-01-26,EMISION,2.874736e6,,
POL0001242,2023-11-10,EMISION,943806.0,,
POL0001243,2024-06-20,EMISION,1.904154e6,,
POL0001244,2024-07-24,EMISION,610439.0,,
POL0001245,2024-11-09,EMISION,544430.0,,
POL0001246,2023-05-30,EMISION,934863.0,,
POL0001247,2023-06-19,EMISION,1.266309e6,,
POL0001248,2023-07-29,EMISION,737336.0,,
POL0001249,2023-10-03,EMISION,2.320634e6,,
POL0001250,2023-01-25,EMISION,5.722911e6,,
POL0001251,2023-01-19,EMISION,1.939742e6,,
POL0001252,2024-07-03,EMISION,1.809331e6,,
POL0001253,2023-08-23,EMISION,3.735605e6,,
POL0001254,2023-02-22,EMISION,773221.0,,
POL0001255,2023-11-02,EMISION,4.001501e6,,
POL0001256,2024-09-13,EMISION,352114.0,,
POL0001257,2024-10-17,EMISION,1.931375e6,,
POL0001258,2024-07-24,EMISION,5.074804e6,,
POL0001259,2024-02-19,EMISION,235263.0,,
POL0001260,2023-01-12,EMISION,2.789262e6,,
POL0001261,2023-12-05,EMISION,656403.0,,
POL0001262,2024-03-27,EMISION,463346.0,,
POL0001263,2024-07-10,EMISION,1.145284e6,,
POL0001264,2024-01-31,EMISION,1.558024e6,,
POL0001265,2024-05-28,EMISION,1.457743e6,,
POL0001266,2024-06-27,EMISION,1.151737e6,,
POL0001267,2023-06-03,EMISION,969257.0,,
POL0001268,2024-08-31,EMISION,3.402361e6,,
POL0001269,2024-07-02,EMISION,1.709265e6,,
POL0001269,2025-12-20,CANCELACION,-889754.0,2025-12-21,2027-07-13
POL0001270,2024-07-27,EMISION,1.318235e6,,
POL0001270,2024-12-04,ENDOSO,131824.0,2024-12-04,2025-07-26
POL0001271,2024-01-20,EMISION,1.142227e6,,
POL0001271,2027-06-21,CANCELACION,-367613.0,2027-06-22,2029-01-29
POL0001272,2023-02-02,EMISION,1.236513e6,,
POL0001273,2024-03-30,EMISION,2.914511e6,,
POL0001273,2024-12-01,ENDOSO,291451.0,2024-12-01,2025-04-07
POL0001274,2024-08-05,EMISION,1.300186e6,,
POL0001275,2023-06-07,EMISION,841396.0,,
POL0001275,2024-04-11,ENDOSO,84140.0,2024-04-11,2024-06-19
POL0001276,2024-04-13,EMISION,2.138094e6,,
POL0001277,2024-06-05,EMISION,1.271711e6,,
POL0001278,2023-05-14,EMISION,2.005862e6,,
POL0001279,2024-02-22,EMISION,1.054009e6,,
POL0001279,2024-08-10,CANCELACION,-573081.0,2024-08-11,2025-02-25
POL0001280,2023-06-08,EMISION,785946.0,,
POL0001281,2024-12-13,EMISION,526817.0,,
POL0001282,2024-06-30,EMISION,592036.0,,
POL0001283,2024-04-04,EMISION,1.437451e6,,
POL0001284,2024-10-31,EMISION,2.423327e6,,
POL0001285,2024-03-14,EMISION,927104.0,,
POL0001286,2023-12-30,EMISION,4.919883e6,,
POL0001287,2023-01-22,EMISION,760758.0,,
POL0001288,2023-11-16,EMISION,451685.0,,
POL0001288,2024-02-09,ENDOSO,45168.0,2024-02-09,2024-11-28
POL0001289,2023-06-24,EMISION,2.814597e6,,
POL0001290,2023-01-27,EMISION,339718.0,,
POL0001291,2024-05-06,EMISION,4.04137e6,,
POL0001292,2024-02-06,EMISION,845890.0,,
POL0001293,2024-05-20,EMISION,1.215359e6,,
POL0001294,2024-07-06,EMISION,636619.0,,
POL0001294,2025-02-23,ENDOSO,63662.0,2025-02-23,2025-07-18
POL0001295,2023-07-08,EMISION,624995.0,,
POL0001295,2024-04-19,ENDOSO,62500.0,2024-04-19,2024-07-21
POL0001296,2024-07-10,EMISION,1.07698e6,,
POL0001297,2023-12-24,EMISION,799016.0,,
POL0001298,2023-03-14,EMISION,2.843406e6,,
POL0001299,2024-12-20,EMISION,3.197761e6,,
POL0001299,2025-11-13,CANCELACION,-324157.0,2025-11-14,2025-12-20
POL0001300,2023-10-03,EMISION,607816.0,,
POL0001301,2024-04-13,EMISION,1.170887e6,,
POL0001302,2024-08-22,EMISION,1.702403e6,,
POL0001303,2024-11-17,EMISION,1.586328e6,,
POL0001304,2024-12-22,EMISION,1.381221e6,,
POL0001305,2024-09-09,EMISION,1.34906e6,,
POL0001306,2024-07-26,EMISION,1.266937e6,,
POL0001307,2024-05-31,EMISION,364510.0,,
POL0001308,2024-07-20,EMISION,591881.0,,
POL0001309,2024-03-16,EMISION,2.794844e6,,
POL0001310,2024-01-17,EMISION,1.51706e6,,
POL0001311,2024-12-03,EMISION,1.058246e6,,
POL0001312,2024-12-01,EMISION,592220.0,,
POL0001313,2023-02-24,EMISION,1.331755e6,,
POL0001313,2026-04-24,CANCELACION,-288957.0,2026-04-25,2027-03-07
POL0001314,2023-07-08,EMISION,938865.0,,
POL0001315,2023-02-09,EMISION,1.53513e6,,
POL0001315,2026-11-13,CANCELACION,-100871.0,2026-11-14,2027-02-17
POL0001316,2024-05-22,EMISION,2.767715e6,,
POL0001317,2024-02-06,EMISION,510298.0,,
POL0001318,2024-09-15,EMISION,8.404373e6,,
POL0001318,2026-10-26,CANCELACION,-2.486773e6,2026-10-27,2027-09-15
POL0001319,2024-08-02,EMISION,421203.0,,
POL0001320,2023-06-17,EMISION,2.44188e6,,
POL0001321,2023-07-18,EMISION,6.43768e6,,
POL0001322,2023-04-12,EMISION,518768.0,,
POL0001323,2023-10-17,EMISION,802666.0,,
POL0001324,2023-11-27,EMISION,1.267933e6,,
POL0001325,2023-08-26,EMISION,1.634761e6,,
POL0001326,2023-12-03,EMISION,1.170926e6,,
POL0001327,2023-07-15,EMISION,537109.0,,
POL0001328,2023-06-28,EMISION,695998.0,,
POL0001329,2023-08-26,EMISION,2.348939e6,,
POL0001329,2024-02-03,CANCELACION,-1.309245e6,2024-02-04,2024-08-25
POL0001330,2022-12-26,EMISION,1.909432e6,,
POL0001330,2023-11-15,CANCELACION,-287723.0,2023-11-16,2024-01-09
POL0001331,2024-07-28,EMISION,697010.0,,
POL0001332,2024-06-02,EMISION,960690.0,,
POL0001332,2024-10-25,ENDOSO,96069.0,2024-10-25,2025-06-08
POL0001333,2023-10-20,EMISION,2.991286e6,,
POL0001334,2023-05-25,EMISION,512834.0,,
POL0001335,2023-12-07,EMISION,1.082104e6,,
POL0001336,2023-09-13,EMISION,992778.0,,
POL0001337,2023-03-16,EMISION,868086.0,,
POL0001338,2023-03-13,EMISION,1.449609e6,,
POL0001339,2023-05-01,EMISION,2.699401e6,,
POL0001340,2024-09-20,EMISION,1.486103e6,,
POL0001341,2024-06-27,EMISION,1.695323e6,,
POL0001342,2024-03-11,EMISION,819913.0,,
POL0001343,2023-01-28,EMISION,548692.0,,
POL0001344,2024-08-13,EMISION,2.154605e6,,
POL0001345,2023-11-12,EMISION,3.681847e6,,
POL0001346,2024-09-20,EMISION,4.050673e6,,
POL0001347,2024-12-02,EMISION,858103.0,,
POL0001348,2023-07-20,EMISION,8.133261e6,,
POL0001349,2023-02-25,EMISION,349008.0,,
POL0001350,2023-10-05,EMISION,572733.0,,
POL0001351,2023-06-04,EMISION,1.86465e6,,
POL0001352,2023-10-02,EMISION,2.927785e6,,
POL0001353,2023-04-26,EMISION,2.818709e6,,
POL0001354,2023-08-25,EMISION,6.249947e6,,
POL0001354,2025-03-07,ENDOSO,624995.0,2025-03-07,2025-09-06
POL0001355,2023-04-01,EMISION,798439.0,,
POL0001356,2024-02-02,EMISION,1.42653e6,,
POL0001357,2024-01-25,EMISION,2.03308e6,,
POL0001358,2023-08-31,EMISION,734751.0,,
POL0001359,2023-09-01,EMISION,2.187772e6,,
POL0001359,2024-02-10,ENDOSO,218777.0,2024-02-10,2024-09-12
POL0001360,2024-08-23,EMISION,2.371486e6,,
POL0001361,2024-01-25,EMISION,1.378821e6,,
POL0001362,2024-01-15,EMISION,1.053341e6,,
POL0001363,2024-09-01,EMISION,2.46641e6,,
POL0001364,2024-08-06,EMISION,4.195559e6,,
POL0001365,2024-08-21,EMISION,2.370869e6,,
POL0001366,2023-09-16,EMISION,833368.0,,
POL0001367,2024-07-05,EMISION,1.835719e6,,
POL0001368,2023-03-26,EMISION,4.325837e6,,
POL0001369,2023-11-03,EMISION,2.202848e6,,
POL0001370,2023-08-29,EMISION,946141.0,,
POL0001371,2023-01-02,EMISION,4.706861e6,,
POL0001372,2023-01-22,EMISION,5.595909e6,,
POL0001373,2024-12-12,EMISION,709251.0,,
POL0001374,2024-12-14,EMISION,1.79667e6,,
POL0001375,2024-04-15,EMISION,5.934341e6,,
POL0001376,2023-06-12,EMISION,4.752007e6,,
POL0001377,2023-02-12,EMISION,975766.0,,
POL0001378,2023-01-29,EMISION,2.296228e6,,
POL0001379,2023-03-05,EMISION,425075.0,,
POL0001380,2024-02-21,EMISION,2.549372e6,,
POL0001381,2024-06-05,EMISION,1.169516e6,,
POL0001382,2024-07-16,EMISION,542427.0,,
POL0001383,2023-05-22,EMISION,300728.0,,
POL0001383,2024-02-25,ENDOSO,30073.0,2024-02-25,2024-06-03
POL0001384,2023-03-06,EMISION,4.265077e6,,
POL0001385,2024-08-08,EMISION,2.332907e6,,
POL0001386,2023-05-25,EMISION,3.910506e6,,
POL0001387,2023-12-15,EMISION,763718.0,,
POL0001388,2023-10-27,EMISION,1.67265e6,,
POL0001389,2023-02-12,EMISION,4.090449e6,,
POL0001390,2024-05-24,EMISION,774048.0,,
POL0001391,2023-08-13,EMISION,3.438126e6,,
POL0001392,2024-10-09,EMISION,2.90035e6,,
POL0001392,2025-06-30,CANCELACION,-2.224926e6,2025-07-01,2027-10-18
POL0001393,2023-11-06,EMISION,1.223741e6,,
POL0001394,2023-03-03,EMISION,287598.0,,
POL0001395,2024-11-12,EMISION,843454.0,,
POL0001396,2023-01-13,EMISION,1.999937e6,,
POL0001397,2023-02-26,EMISION,5.819739e6,,
POL0001398,2023-04-21,EMISION,818611.0,,
POL0001399,2023-04-01,EMISION,641519.0,,
POL0001400,2024-05-21,EMISION,1.067717e6,,
POL0001401,2024-05-28,EMISION,1.539105e6,,
POL0001402,2023-08-15,EMISION,1.986146e6,,
POL0001403,2023-01-29,EMISION,506919.0,,
POL0001404,2024-12-03,EMISION,3.073228e6,,
POL0001404,2025-01-13,ENDOSO,307323.0,2025-01-13,2025-12-13
POL0001405,2023-02-16,EMISION,1.0805e6,,
POL0001406,2023-10-04,EMISION,980644.0,,
POL0001407,2023-10-09,EMISION,561981.0,,
POL0001408,2023-04-19,EMISION,1.343786e6,,
POL0001409,2023-09-04,EMISION,3.136003e6,,
POL0001410,2023-09-27,EMISION,2.341273e6,,
POL0001411,2023-01-05,EMISION,480027.0,,
POL0001412,2023-06-30,EMISION,664720.0,,
POL0001413,2024-01-26,EMISION,1.998693e6,,
POL0001414,2022-12-28,EMISION,4.704026e6,,
POL0001415,2023-05-17,EMISION,660454.0,,
POL0001416,2024-03-24,EMISION,1.356962e6,,
POL0001417,2024-09-18,EMISION,7.840659e6,,
POL0001418,2024-12-18,EMISION,854099.0,,
POL0001419,2024-07-18,EMISION,1.043672e6,,
POL0001420,2023-08-26,EMISION,844257.0,,
POL0001421,2023-05-18,EMISION,676800.0,,
POL0001422,2023-08-17,EMISION,427141.0,,
POL0001423,2023-11-12,EMISION,1.114102e6,,
POL0001424,2024-02-24,EMISION,2.183753e6,,
POL0001424,2025-02-14,CANCELACION,-1.491733e6,2025-02-15,2027-03-04
POL0001425,2023-09-27,EMISION,2.263132e6,,
POL0001426,2022-12-28,EMISION,731948.0,,
POL0001427,2024-01-12,EMISION,995309.0,,
POL0001427,2024-05-28,ENDOSO,99531.0,2024-05-28,2025-01-14
POL0001428,2023-12-20,EMISION,725764.0,,
POL0001429,2024-12-15,EMISION,1.178942e6,,
POL0001430,2024-05-11,EMISION,3.710749e6,,
POL0001431,2023-08-03,EMISION,3.455416e6,,
POL0001432,2023-12-26,EMISION,4.770337e6,,
POL0001433,2023-10-13,EMISION,917770.0,,
POL0001434,2024-08-07,EMISION,244998.0,,
POL0001435,2023-02-11,EMISION,2.710841e6,,
POL0001436,2024-06-30,EMISION,1.472858e6,,
POL0001437,2023-02-07,EMISION,615344.0,,
POL0001438,2024-11-29,EMISION,1.697581e6,,
POL0001439,2024-05-16,EMISION,9.71957e6,,
POL0001440,2023-12-09,EMISION,544940.0,,
POL0001441,2024-09-16,EMISION,1.056292e6,,
POL0001442,2024-03-01,EMISION,514618.0,,
POL0001443,2023-06-12,EMISION,2.381303e6,,
POL0001444,2024-11-20,EMISION,752020.0,,
POL0001445,2023-10-21,EMISION,4.366061e6,,
POL0001446,2024-05-02,EMISION,500977.0,,
POL0001447,2024-08-13,EMISION,3.595825e6,,
POL0001448,2023-05-19,EMISION,4.667305e6,,
POL0001449,2023-04-03,EMISION,1.376271e6,,
POL0001450,2024-03-06,EMISION,2.928199e6,,
POL0001450,2025-02-21,ENDOSO,292820.0,2025-02-21,2025-03-10
POL0001451,2023-02-18,EMISION,1.871663e6,,
POL0001451,2024-12-06,ENDOSO,187166.0,2024-12-06,2025-03-04
POL0001452,2024-03-27,EMISION,498629.0,,
POL0001453,2024-02-16,EMISION,1.275034e6,,
POL0001454,2023-01-12,EMISION,623272.0,,
POL0001455,2023-05-11,EMISION,625575.0,,
POL0001456,2024-08-11,EMISION,621760.0,,
POL0001456,2025-01-20,ENDOSO,62176.0,2025-01-20,2025-08-17
POL0001457,2024-07-02,EMISION,709839.0,,
POL0001458,2024-12-18,EMISION,727301.0,,
POL0001459,2023-07-24,EMISION,1.071675e6,,
POL0001460,2023-02-16,EMISION,902634.0,,
POL0001461,2023-09-22,EMISION,1.187613e6,,
POL0001462,2024-04-09,EMISION,1.088966e6,,
POL0001463,2023-11-26,EMISION,2.709724e6,,
POL0001464,2023-09-02,EMISION,1.086907e6,,
POL0001465,2023-03-31,EMISION,342749.0,,
POL0001466,2023-03-14,EMISION,1.373337e6,,
POL0001467,2024-11-13,EMISION,514694.0,,
POL0001468,2023-01-30,EMISION,5.191758e6,,
POL0001469,2023-05-02,EMISION,4.842214e6,,
POL0001470,2023-09-08,EMISION,2.538675e6,,
POL0001471,2024-06-26,EMISION,2.005579e6,,
POL0001472,2024-01-12,EMISION,3.137557e6,,
POL0001473,2023-06-05,EMISION,1.546976e6,,
POL0001474,2024-06-24,EMISION,3.077663e6,,
POL0001475,2024-01-17,EMISION,893589.0,,
POL0001476,2024-12-15,EMISION,446940.0,,
POL0001477,2024-07-03,EMISION,4.529565e6,,
POL0001478,2023-12-02,EMISION,1.319009e6,,
POL0001479,2024-03-12,EMISION,793168.0,,
POL0001480,2024-08-22,EMISION,3.381712e6,,
POL0001481,2024-02-25,EMISION,760919.0,,
POL0001482,2024-12-06,EMISION,398624.0,,
POL0001483,2024-09-23,EMISION,475906.0,,
POL0001484,2024-01-31,EMISION,410724.0,,
POL0001485,2024-05-20,EMISION,682831.0,,
POL0001486,2024-08-03,EMISION,630326.0,,
POL0001487,2023-07-30,EMISION,1.992983e6,,
POL0001488,2023-07-02,EMISION,675690.0,,
POL0001489,2023-10-06,EMISION,2.400235e6,,
POL0001490,2023-08-29,EMISION,2.602287e6,,
POL0001491,2023-09-17,EMISION,3.826718e6,,
POL0001492,2023-04-10,EMISION,2.996733e6,,
POL0001493,2023-11-15,EMISION,1.169443e6,,
POL0001494,2024-03-28,EMISION,3.899244e6,,
POL0001495,2023-06-04,EMISION,1.428223e6,,
POL0001496,2024-05-09,EMISION,3.62495e6,,
POL0001497,2024-09-14,EMISION,482395.0,,
POL0001498,2024-06-26,EMISION,1.975427e6,,
POL0001498,2024-10-10,CANCELACION,-1.439626e6,2024-10-11,2025-07-03
POL0001499,2023-03-03,EMISION,1.62602e6,,
POL0001500,2024-03-02,EMISION,1.102262e6,,
POL0001501,2024-03-21,EMISION,1.225041e6,,
POL0001502,2023-06-05,EMISION,1.241222e6,,
POL0001503,2024-10-14,EMISION,1.323459e6,,
POL0001504,2024-11-18,EMISION,996439.0,,
POL0001505,2023-06-22,EMISION,857867.0,,
POL0001506,2023-01-14,EMISION,2.961923e6,,
POL0001506,2023-09-18,CANCELACION,-1.071161e6,2023-09-19,2024-01-28
POL0001507,2024-07-24,EMISION,611755.0,,
POL0001508,2024-05-09,EMISION,1.315231e6,,
POL0001509,2024-11-06,EMISION,1.291836e6,,
POL0001509,2027-11-02,ENDOSO,129184.0,2027-11-02,2029-11-06
POL0001510,2023-04-17,EMISION,2.312856e6,,
POL0001511,2023-09-18,EMISION,888177.0,,
POL0001512,2024-05-05,EMISION,314562.0,,
POL0001513,2024-06-13,EMISION,3.178168e6,,
POL0001514,2024-02-15,EMISION,396213.0,,
POL0001515,2024-05-16,EMISION,544887.0,,
POL0001516,2024-01-08,EMISION,673002.0,,
POL0001517,2023-11-22,EMISION,1.003101e6,,
POL0001518,2024-11-28,EMISION,5.236333e6,,
POL0001519,2024-08-22,EMISION,1.65043e6,,
POL0001520,2023-07-25,EMISION,2.797765e6,,
POL0001521,2023-05-19,EMISION,1.284817e6,,
POL0001521,2024-03-15,CANCELACION,-235199.0,2024-03-16,2024-05-21
POL0001522,2024-10-04,EMISION,2.62425e6,,
POL0001523,2023-09-15,EMISION,2.21336e6,,
POL0001524,2024-06-19,EMISION,1.215439e6,,
POL0001525,2024-08-17,EMISION,1.878399e6,,
POL0001526,2024-01-13,EMISION,658036.0,,
POL0001527,2023-01-07,EMISION,1.2895302e7,,
POL0001528,2024-01-08,EMISION,1.051954e6,,
POL0001529,2024-11-06,EMISION,1.07937e6,,
POL0001530,2024-11-19,EMISION,442628.0,,
POL0001531,2023-10-30,EMISION,5.862887e6,,
POL0001532,2023-04-20,EMISION,3.113059e6,,
POL0001533,2023-06-17,EMISION,763220.0,,
POL0001533,2023-09-19,ENDOSO,76322.0,2023-09-19,2024-06-30
POL0001534,2024-11-06,EMISION,2.018112e6,,
POL0001535,2024-12-10,EMISION,1.121365e6,,
POL0001536,2024-09-01,EMISION,755553.0,,
POL0001537,2023-04-28,EMISION,1.198664e6,,
POL0001538,2024-06-26,EMISION,2.43944e6,,
POL0001539,2024-07-30,EMISION,3.493583e6,,
POL0001540,2023-05-18,EMISION,585199.0,,
POL0001541,2023-01-08,EMISION,1.071102e6,,
POL0001542,2023-12-13,EMISION,2.134269e6,,
POL0001543,2024-07-20,EMISION,864059.0,,
POL0001544,2024-06-14,EMISION,3.028757e6,,
POL0001544,2025-04-17,CANCELACION,-489580.0,2025-04-18,2025-06-15
POL0001545,2023-02-16,EMISION,2.093834e6,,
POL0001546,2024-06-01,EMISION,450128.0,,
POL0001547,2023-11-20,EMISION,873172.0,,
POL0001548,2024-07-24,EMISION,4.725056e6,,
POL0001549,2023-07-06,EMISION,634968.0,,
POL0001550,2024-09-16,EMISION,2.083845e6,,
POL0001551,2023-09-23,EMISION,616525.0,,
POL0001552,2023-04-20,EMISION,1.426962e6,,
POL0001553,2024-02-02,EMISION,733434.0,,
POL0001553,2024-10-02,ENDOSO,73343.0,2024-10-02,2027-02-15
POL0001554,2024-05-24,EMISION,1.136776e6,,
POL0001554,2025-03-28,CANCELACION,-174409.0,2025-03-29,2025-05-23
POL0001555,2024-07-05,EMISION,3.054869e6,,
POL0001556,2024-11-08,EMISION,1.358855e6,,
POL0001557,2024-10-27,EMISION,958292.0,,
POL0001558,2024-04-08,EMISION,2.556654e6,,
POL0001559,2024-06-18,EMISION,540491.0,,
POL0001559,2025-05-26,CANCELACION,-42943.0,2025-05-27,2025-06-24
POL0001560,2024-06-17,EMISION,2.193563e6,,
POL0001561,2024-03-28,EMISION,2.508554e6,,
POL0001562,2024-09-06,EMISION,1.32493e6,,
POL0001562,2027-05-10,CANCELACION,-621106.0,2027-05-11,2029-09-12
POL0001563,2024-06-19,EMISION,589250.0,,
POL0001564,2023-01-03,EMISION,620243.0,,
POL0001565,2024-10-02,EMISION,708640.0,,
POL0001566,2024-03-12,EMISION,5.082895e6,,
POL0001567,2023-03-02,EMISION,437794.0,,
POL0001568,2023-06-13,EMISION,1.476111e6,,
POL0001569,2023-10-10,EMISION,1.134537e6,,
POL0001570,2024-03-06,EMISION,2.016257e6,,
POL0001571,2024-01-05,EMISION,1.005025e6,,
POL0001572,2024-08-03,EMISION,984688.0,,
POL0001573,2024-10-10,EMISION,2.563771e6,,
POL0001574,2023-02-18,EMISION,615994.0,,
POL0001575,2023-01-17,EMISION,922649.0,,
POL0001576,2024-06-30,EMISION,5.639812e6,,
POL0001577,2024-03-02,EMISION,3.642569e6,,
POL0001578,2023-04-06,EMISION,3.115545e6,,
POL0001579,2024-01-03,EMISION,5.161232e6,,
POL0001580,2024-02-17,EMISION,4.157029e6,,
POL0001581,2023-01-28,EMISION,788578.0,,
POL0001582,2024-05-06,EMISION,1.098914e6,,
POL0001583,2023-11-10,EMISION,757387.0,,
POL0001584,2024-06-05,EMISION,1.166894e6,,
POL0001585,2024-03-10,EMISION,1.166076e6,,
POL0001585,2027-04-29,ENDOSO,116608.0,2027-04-29,2028-03-20
POL0001586,2023-08-03,EMISION,1.575034e6,,
POL0001587,2023-03-21,EMISION,2.019608e6,,
POL0001588,2023-02-14,EMISION,2.855582e6,,
POL0001589,2024-10-18,EMISION,596382.0,,
POL0001590,2024-06-12,EMISION,4.147777e6,,
POL0001591,2024-08-06,EMISION,2.016136e6,,
POL0001591,2025-10-10,CANCELACION,-1.440689e6,2025-10-11,2028-08-19
POL0001592,2024-09-21,EMISION,3.2156e6,,
POL0001593,2023-12-21,EMISION,1.49309e6,,
POL0001594,2024-08-07,EMISION,4.547231e6,,
POL0001594,2025-07-14,CANCELACION,-411120.0,2025-07-15,2025-08-16
POL0001595,2023-05-28,EMISION,1.337098e6,,
POL0001596,2024-05-27,EMISION,2.545758e6,,
POL0001597,2023-06-16,EMISION,3.372784e6,,
POL0001598,2024-03-18,EMISION,1.781463e6,,
POL0001599,2024-10-22,EMISION,4.26926e6,,
POL0001600,2023-12-19,EMISION,5.809024e6,,
POL0001601,2024-05-03,EMISION,978513.0,,
POL0001602,2023-12-18,EMISION,510725.0,,
POL0001603,2024-04-11,EMISION,3.421941e6,,
POL0001604,2024-04-03,EMISION,736979.0,,
POL0001605,2024-06-25,EMISION,3.078723e6,,
POL0001606,2023-11-12,EMISION,875978.0,,
POL0001607,2024-12-10,EMISION,1.409671e6,,
POL0001608,2023-04-09,EMISION,915513.0,,
POL0001609,2023-07-19,EMISION,1.095466e6,,
POL0001610,2023-02-04,EMISION,1.013083e6,,
POL0001611,2024-10-06,EMISION,1.46576e6,,
POL0001612,2023-04-15,EMISION,658671.0,,
POL0001613,2024-04-07,EMISION,3.041527e6,,
POL0001614,2023-02-22,EMISION,3.797772e6,,
POL0001615,2024-10-21,EMISION,1.669851e6,,
POL0001616,2024-12-28,EMISION,3.404467e6,,
POL0001617,2024-08-07,EMISION,542776.0,,
POL0001618,2024-11-16,EMISION,4.454305e6,,
POL0001619,2023-07-02,EMISION,2.962023e6,,
POL0001620,2024-08-25,EMISION,4.276131e6,,
POL0001621,2024-08-27,EMISION,4.56137e6,,
POL0001622,2023-06-26,EMISION,801486.0,,
POL0001623,2023-05-20,EMISION,1.218892e6,,
POL0001624,2024-06-17,EMISION,1.40518e6,,
POL0001625,2024-11-23,EMISION,4.062193e6,,
POL0001626,2023-02-14,EMISION,6.968297e6,,
POL0001626,2024-03-01,CANCELACION,-3.364992e6,2024-03-02,2025-02-17
POL0001627,2024-02-19,EMISION,455113.0,,
POL0001628,2024-10-05,EMISION,3.987476e6,,
POL0001629,2023-08-13,EMISION,1.055123e6,,
POL0001630,2023-09-14,EMISION,4.741377e6,,
POL0001631,2024-05-17,EMISION,1.812794e6,,
POL0001632,2023-09-18,EMISION,1.073179e6,,
POL0001633,2024-07-01,EMISION,1.369405e6,,
POL0001634,2023-02-26,EMISION,1.629454e6,,
POL0001635,2024-03-31,EMISION,1.491377e6,,
POL0001636,2024-01-19,EMISION,2.736084e6,,
POL0001637,2023-10-22,EMISION,767653.0,,
POL0001638,2024-12-10,EMISION,1.05429e6,,
POL0001638,2025-07-06,CANCELACION,-491039.0,2025-07-07,2025-12-23
POL0001639,2024-11-18,EMISION,4.116257e6,,
POL0001640,2024-11-11,EMISION,5.693357e6,,
POL0001641,2023-03-20,EMISION,3.96841e6,,
POL0001642,2023-04-24,EMISION,1.713022e6,,
POL0001643,2024-12-08,EMISION,757749.0,,
POL0001644,2024-10-01,EMISION,551852.0,,
POL0001645,2024-05-07,EMISION,1.01483e6,,
POL0001646,2022-12-30,EMISION,1.580835e6,,
POL0001647,2022-12-21,EMISION,455953.0,,
POL0001647,2023-07-07,CANCELACION,-224854.0,2023-07-08,2024-01-03
POL0001648,2023-01-22,EMISION,1.972364e6,,
POL0001649,2023-05-03,EMISION,482162.0,,
POL0001650,2024-10-23,EMISION,1.625291e6,,
POL0001651,2024-04-26,EMISION,3.472963e6,,
POL0001651,2024-08-10,CANCELACION,-2.530981e6,2024-08-11,2025-05-03
POL0001652,2024-01-14,EMISION,2.411436e6,,
POL0001653,2023-03-15,EMISION,1.914331e6,,
POL0001654,2023-07-14,EMISION,2.846719e6,,
POL0001655,2024-09-24,EMISION,4.412344e6,,
POL0001656,2024-11-06,EMISION,436729.0,,
POL0001657,2024-02-20,EMISION,888944.0,,
POL0001658,2024-03-11,EMISION,626759.0,,
POL0001659,2024-12-02,EMISION,1.67689e6,,
POL0001660,2024-09-27,EMISION,1.209134e6,,
POL0001660,2025-06-03,CANCELACION,-427338.0,2025-06-04,2025-10-10
POL0001661,2023-12-19,EMISION,3.493345e6,,
POL0001662,2024-07-04,EMISION,2.056376e6,,
POL0001663,2023-07-24,EMISION,3.935652e6,,
POL0001664,2023-04-14,EMISION,376137.0,,
POL0001665,2024-12-14,EMISION,623761.0,,
POL0001666,2024-10-06,EMISION,3.379212e6,,
POL0001667,2024-07-13,EMISION,821340.0,,
POL0001668,2024-02-23,EMISION,888214.0,,
POL0001669,2024-05-28,EMISION,787677.0,,
POL0001670,2023-04-06,EMISION,463608.0,,
POL0001671,2023-04-16,EMISION,1.719311e6,,
POL0001672,2024-12-21,EMISION,1.070959e6,,
POL0001673,2023-10-07,EMISION,1.579526e6,,
POL0001674,2023-11-22,EMISION,893372.0,,
POL0001674,2024-09-19,CANCELACION,-158659.0,2024-09-20,2024-11-23
POL0001675,2023-09-13,EMISION,988823.0,,
POL0001676,2024-06-30,EMISION,648083.0,,
POL0001677,2023-11-14,EMISION,1.11004e6,,
POL0001677,2024-06-18,ENDOSO,111004.0,2024-06-18,2024-11-21
POL0001678,2023-08-18,EMISION,2.125194e6,,
POL0001679,2024-10-24,EMISION,1.164534e6,,
POL0001680,2023-08-27,EMISION,1.06849e6,,
POL0001680,2027-01-30,CANCELACION,-160164.0,2027-01-31,2027-09-06
POL0001681,2024-07-22,EMISION,692273.0,,
POL0001682,2024-03-14,EMISION,6.203571e6,,
POL0001683,2023-07-17,EMISION,615203.0,,
POL0001683,2023-10-13,ENDOSO,61520.0,2023-10-13,2024-07-17
POL0001684,2024-04-03,EMISION,1.715763e6,,
POL0001685,2023-10-04,EMISION,1.652078e6,,
POL0001686,2023-05-09,EMISION,782823.0,,
POL0001687,2023-08-30,EMISION,647649.0,,
POL0001688,2024-01-11,EMISION,2.760398e6,,
POL0001689,2024-10-09,EMISION,1.160822e6,,
POL0001689,2025-04-18,ENDOSO,116082.0,2025-04-18,2029-10-10
POL0001690,2023-12-23,EMISION,2.150726e6,,
POL0001691,2023-08-22,EMISION,1.851926e6,,
POL0001692,2024-06-27,EMISION,2.091343e6,,
POL0001693,2023-01-13,EMISION,1.107046e6,,
POL0001694,2024-08-21,EMISION,1.308132e6,,
POL0001695,2023-11-07,EMISION,3.905243e6,,
POL0001696,2024-04-29,EMISION,2.55165e6,,
POL0001697,2023-09-13,EMISION,861295.0,,
POL0001698,2024-02-07,EMISION,527446.0,,
POL0001699,2023-05-18,EMISION,360129.0,,
POL0001699,2023-08-01,CANCELACION,-290268.0,2023-08-02,2024-05-22
POL0001700,2024-01-10,EMISION,2.431117e6,,
POL0001701,2024-07-20,EMISION,712562.0,,
POL0001702,2024-05-14,EMISION,946270.0,,
POL0001703,2023-06-13,EMISION,3.284477e6,,
POL0001704,2024-12-22,EMISION,370892.0,,
POL0001705,2024-02-02,EMISION,616279.0,,
POL0001706,2023-10-02,EMISION,655852.0,,
POL0001707,2024-02-08,EMISION,3.723324e6,,
POL0001708,2024-11-06,EMISION,751522.0,,
POL0001709,2024-10-06,EMISION,851781.0,,
POL0001710,2024-08-19,EMISION,912206.0,,
POL0001710,2024-11-18,ENDOSO,91221.0,2024-11-18,2025-08-20
POL0001711,2024-07-07,EMISION,521364.0,,
POL0001711,2024-10-23,ENDOSO,52136.0,2024-10-23,2025-07-13
POL0001712,2023-04-05,EMISION,837107.0,,
POL0001713,2024-01-10,EMISION,2.194224e6,,
POL0001714,2023-12-05,EMISION,980620.0,,
POL0001715,2024-07-23,EMISION,6.976819e6,,
POL0001716,2024-08-14,EMISION,646651.0,,
POL0001717,2023-08-29,EMISION,471952.0,,
POL0001718,2024-10-05,EMISION,3.098122e6,,
POL0001719,2023-08-30,EMISION,3.645188e6,,
POL0001720,2023-04-15,EMISION,695807.0,,
POL0001721,2023-09-07,EMISION,2.163856e6,,
POL0001722,2024-04-18,EMISION,1.178271e6,,
POL0001723,2024-09-19,EMISION,5.032992e6,,
POL0001723,2025-06-07,CANCELACION,-3.847136e6,2025-06-08,2027-09-22
POL0001724,2023-08-14,EMISION,448432.0,,
POL0001725,2023-12-01,EMISION,924625.0,,
POL0001726,2024-07-06,EMISION,3.880625e6,,
POL0001727,2024-03-30,EMISION,6.624635e6,,
POL0001727,2024-11-26,ENDOSO,662464.0,2024-11-26,2026-04-11
POL0001728,2024-06-04,EMISION,1.147874e6,,
POL0001728,2025-04-28,CANCELACION,-116360.0,2025-04-29,2025-06-04
POL0001729,2024-05-24,EMISION,2.746144e6,,
POL0001730,2023-10-14,EMISION,961110.0,,
POL0001731,2023-12-12,EMISION,1.789074e6,,
POL0001732,2024-06-21,EMISION,870909.0,,
POL0001733,2024-01-02,EMISION,2.401848e6,,
POL0001734,2024-06-05,EMISION,1.938209e6,,
POL0001735,2023-12-22,EMISION,1.932557e6,,
POL0001736,2024-02-14,EMISION,1.940315e6,,
POL0001737,2024-07-27,EMISION,4.371051e6,,
POL0001737,2024-11-16,ENDOSO,437105.0,2024-11-16,2025-08-01
POL0001738,2024-12-09,EMISION,2.135547e6,,
POL0001739,2024-02-05,EMISION,3.963882e6,,
POL0001740,2024-02-03,EMISION,918375.0,,
POL0001741,2024-02-02,EMISION,821188.0,,
POL0001742,2023-10-21,EMISION,391869.0,,
POL0001743,2024-05-11,EMISION,2.790142e6,,
POL0001743,2025-01-11,CANCELACION,-1.016682e6,2025-01-12,2025-05-24
POL0001744,2024-09-27,EMISION,880632.0,,
POL0001745,2024-12-01,EMISION,1.450757e6,,
POL0001746,2023-08-14,EMISION,4.572548e6,,
POL0001747,2023-04-07,EMISION,2.442914e6,,
POL0001748,2024-06-03,EMISION,1.074063e6,,
POL0001748,2029-02-23,ENDOSO,107406.0,2029-02-23,2029-06-07
POL0001749,2024-04-02,EMISION,6.377726e6,,
POL0001750,2023-08-19,EMISION,897890.0,,
POL0001751,2023-04-08,EMISION,3.235568e6,,
POL0001752,2023-08-22,EMISION,3.851941e6,,
POL0001753,2023-11-09,EMISION,704727.0,,
POL0001754,2023-05-09,EMISION,422193.0,,
POL0001755,2023-07-05,EMISION,2.470538e6,,
POL0001756,2023-05-10,EMISION,705177.0,,
POL0001757,2024-03-27,EMISION,969378.0,,
POL0001757,2025-03-14,ENDOSO,96938.0,2025-03-14,2025-03-26
POL0001758,2023-12-06,EMISION,1.943076e6,,
POL0001759,2023-02-27,EMISION,969418.0,,
POL0001760,2024-03-16,EMISION,2.600946e6,,
POL0001761,2024-08-30,EMISION,2.742595e6,,
POL0001762,2023-11-27,EMISION,593816.0,,
POL0001762,2024-07-21,CANCELACION,-210918.0,2024-07-22,2024-11-28
POL0001763,2024-01-09,EMISION,1.995164e6,,
POL0001764,2023-06-23,EMISION,1.821468e6,,
POL0001765,2024-09-30,EMISION,2.187538e6,,
POL0001766,2023-09-13,EMISION,3.465191e6,,
POL0001767,2024-03-28,EMISION,898088.0,,
POL0001768,2023-05-28,EMISION,442551.0,,
POL0001769,2023-04-08,EMISION,447245.0,,
POL0001770,2023-10-20,EMISION,3.618608e6,,
POL0001771,2023-06-07,EMISION,3.059121e6,,
POL0001772,2023-10-23,EMISION,740011.0,,
POL0001773,2024-09-22,EMISION,840514.0,,
POL0001774,2023-03-11,EMISION,2.312766e6,,
POL0001775,2023-04-17,EMISION,3.147493e6,,
POL0001776,2024-06-02,EMISION,1.356357e6,,
POL0001777,2024-08-31,EMISION,1.21259e6,,
POL0001778,2024-09-10,EMISION,1.083496e6,,
POL0001779,2023-05-11,EMISION,1.522311e6,,
POL0001780,2023-03-11,EMISION,1.086062e6,,
POL0001781,2023-10-06,EMISION,715597.0,,
POL0001782,2024-08-15,EMISION,985221.0,,
POL0001783,2024-01-21,EMISION,721339.0,,
POL0001784,2024-11-30,EMISION,799375.0,,
POL0001785,2024-03-12,EMISION,2.53871e6,,
POL0001786,2024-04-27,EMISION,2.125728e6,,
POL0001787,2023-12-29,EMISION,3.361711e6,,
POL0001788,2024-11-25,EMISION,717401.0,,
POL0001789,2023-09-12,EMISION,1.018002e6,,
POL0001789,2024-02-15,ENDOSO,101800.0,2024-02-15,2024-09-14
POL0001790,2023-05-29,EMISION,790168.0,,
POL0001791,2024-07-14,EMISION,1.016166e6,,
POL0001792,2023-12-01,EMISION,1.020059e6,,
POL0001793,2024-02-14,EMISION,1.375319e6,,
POL0001794,2023-06-15,EMISION,5.14021e6,,
POL0001795,2024-11-04,EMISION,1.234334e6,,
POL0001796,2023-03-03,EMISION,1.037051e6,,
POL0001797,2024-05-12,EMISION,982458.0,,
POL0001798,2023-10-11,EMISION,2.820662e6,,
POL0001799,2023-10-26,EMISION,1.300686e6,,
POL0001799,2025-11-14,CANCELACION,-775998.0,2025-11-15,2028-11-08
POL0001800,2023-11-13,EMISION,600664.0,,
POL0001801,2023-05-13,EMISION,507921.0,,
POL0001802,2024-11-27,EMISION,1.591053e6,,
POL0001803,2024-06-16,EMISION,682679.0,,
POL0001804,2024-05-24,EMISION,1.065993e6,,
POL0001804,2024-08-12,ENDOSO,106599.0,2024-08-12,2027-06-06
POL0001805,2023-03-24,EMISION,1.608913e6,,
POL0001806,2024-08-03,EMISION,659477.0,,
POL0001806,2025-07-16,CANCELACION,-48783.0,2025-07-17,2025-08-12
POL0001807,2024-06-22,EMISION,937043.0,,
POL0001808,2023-04-25,EMISION,1.838362e6,,
POL0001809,2023-03-08,EMISION,3.621825e6,,
POL0001810,2024-07-12,EMISION,1.185029e6,,
POL0001811,2024-01-19,EMISION,3.314591e6,,
POL0001812,2024-09-13,EMISION,555160.0,,
POL0001813,2023-08-03,EMISION,1.047012e6,,
POL0001814,2023-02-23,EMISION,701554.0,,
POL0001815,2023-07-11,EMISION,2.390945e6,,
POL0001816,2024-01-11,EMISION,1.258345e6,,
POL0001817,2023-09-25,EMISION,1.512537e6,,
POL0001818,2023-03-30,EMISION,3.566241e6,,
POL0001819,2022-12-28,EMISION,1.278577e6,,
POL0001820,2024-01-15,EMISION,1.490553e6,,
POL0001821,2023-08-09,EMISION,3.256523e6,,
POL0001822,2023-04-14,EMISION,2.848763e6,,
POL0001823,2024-01-11,EMISION,2.339242e6,,
POL0001824,2023-10-28,EMISION,2.090355e6,,
POL0001825,2024-03-16,EMISION,3.922194e6,,
POL0001825,2024-10-08,CANCELACION,-1.773047e6,2024-10-09,2025-03-22
POL0001826,2023-09-24,EMISION,826096.0,,
POL0001827,2023-07-23,EMISION,2.853414e6,,
POL0001828,2023-05-01,EMISION,2.766018e6,,
POL0001829,2023-09-30,EMISION,886898.0,,
POL0001830,2023-05-11,EMISION,2.917323e6,,
POL0001831,2023-06-29,EMISION,544991.0,,
POL0001832,2023-01-29,EMISION,974788.0,,
POL0001833,2024-10-17,EMISION,2.795222e6,,
POL0001834,2023-10-18,EMISION,778760.0,,
POL0001835,2024-06-03,EMISION,2.74942e6,,
POL0001835,2026-03-24,CANCELACION,-301306.0,2026-03-25,2026-06-12
POL0001836,2023-05-23,EMISION,539548.0,,
POL0001837,2024-01-05,EMISION,868355.0,,
POL0001838,2024-09-01,EMISION,1.229785e6,,
POL0001839,2023-06-22,EMISION,1.872725e6,,
POL0001840,2023-09-17,EMISION,1.595163e6,,
POL0001841,2023-11-12,EMISION,3.498327e6,,
POL0001842,2024-05-26,EMISION,1.119179e6,,
POL0001843,2023-08-30,EMISION,872069.0,,
POL0001844,2023-11-30,EMISION,2.406927e6,,
POL0001845,2024-07-30,EMISION,3.708197e6,,
POL0001846,2023-03-14,EMISION,5.968081e6,,
POL0001847,2024-05-16,EMISION,699475.0,,
POL0001848,2024-03-10,EMISION,792699.0,,
POL0001849,2024-08-16,EMISION,3.346319e6,,
POL0001849,2024-10-26,CANCELACION,-2.814575e6,2024-10-27,2025-08-29
POL0001850,2024-12-04,EMISION,1.263248e6,,
POL0001851,2023-05-09,EMISION,1.194406e6,,
POL0001852,2024-09-03,EMISION,5.259272e6,,
POL0001853,2023-11-13,EMISION,1.4304443e7,,
POL0001854,2023-07-02,EMISION,688140.0,,
POL0001855,2024-05-16,EMISION,1.166557e6,,
POL0001856,2024-09-21,EMISION,6.651807e6,,
POL0001857,2023-09-23,EMISION,2.071262e6,,
POL0001858,2023-07-08,EMISION,3.55394e6,,
POL0001859,2023-03-08,EMISION,722062.0,,
POL0001860,2023-08-04,EMISION,855127.0,,
POL0001861,2023-02-24,EMISION,904338.0,,
POL0001862,2023-03-09,EMISION,826574.0,,
POL0001863,2023-06-02,EMISION,930885.0,,
POL0001864,2023-11-28,EMISION,444978.0,,
POL0001865,2023-11-19,EMISION,384980.0,,
POL0001865,2024-08-27,CANCELACION,-93615.0,2024-08-28,2024-11-24
POL0001866,2024-02-25,EMISION,650191.0,,
POL0001867,2024-09-27,EMISION,1.096042e6,,
POL0001868,2024-03-08,EMISION,2.166284e6,,
POL0001869,2024-11-04,EMISION,2.695519e6,,
POL0001869,2025-04-18,ENDOSO,269552.0,2025-04-18,2025-11-12
POL0001870,2024-10-19,EMISION,541774.0,,
POL0001871,2024-03-24,EMISION,1.660286e6,,
POL0001872,2023-11-25,EMISION,914403.0,,
POL0001873,2023-06-27,EMISION,1.034084e6,,
POL0001874,2024-10-20,EMISION,3.679598e6,,
POL0001875,2024-11-24,EMISION,1.604582e6,,
POL0001876,2023-04-03,EMISION,573802.0,,
POL0001877,2024-07-14,EMISION,717290.0,,
POL0001878,2024-10-19,EMISION,1.874843e6,,
POL0001879,2024-10-09,EMISION,3.476941e6,,
POL0001880,2024-04-21,EMISION,1.296961e6,,
POL0001881,2024-09-08,EMISION,1.712926e6,,
POL0001882,2023-05-29,EMISION,2.656455e6,,
POL0001883,2023-02-07,EMISION,635304.0,,
POL0001883,2025-05-02,CANCELACION,-283517.0,2025-05-03,2027-02-13
POL0001884,2024-02-22,EMISION,4.461988e6,,
POL0001885,2024-04-02,EMISION,874876.0,,
POL0001886,2023-02-03,EMISION,519738.0,,
POL0001887,2024-03-09,EMISION,519625.0,,
POL0001888,2024-04-14,EMISION,1.301803e6,,
POL0001888,2024-12-11,CANCELACION,-460089.0,2024-12-12,2025-04-19
POL0001889,2023-07-23,EMISION,831933.0,,
POL0001890,2024-06-29,EMISION,5.906526e6,,
POL0001890,2024-11-09,ENDOSO,590653.0,2024-11-09,2026-07-11
POL0001891,2023-08-24,EMISION,3.710378e6,,
POL0001892,2023-11-21,EMISION,2.442415e6,,
POL0001893,2023-04-21,EMISION,2.440522e6,,
POL0001894,2024-07-18,EMISION,751128.0,,
POL0001895,2024-01-11,EMISION,972116.0,,
POL0001896,2023-10-06,EMISION,1.296049e6,,
POL0001897,2024-06-06,EMISION,780500.0,,
POL0001898,2023-06-16,EMISION,2.939598e6,,
POL0001899,2024-11-07,EMISION,498049.0,,
POL0001900,2023-04-19,EMISION,722421.0,,
POL0001901,2023-08-24,EMISION,510426.0,,
POL0001902,2023-09-25,EMISION,899179.0,,
POL0001903,2023-11-08,EMISION,1.582393e6,,
POL0001904,2023-10-02,EMISION,1.550941e6,,
POL0001905,2023-05-23,EMISION,799679.0,,
POL0001906,2023-11-07,EMISION,2.705135e6,,
POL0001907,2024-09-26,EMISION,578222.0,,
POL0001908,2024-04-11,EMISION,948544.0,,
POL0001909,2024-06-21,EMISION,953102.0,,
POL0001910,2023-03-29,EMISION,534493.0,,
POL0001911,2023-12-13,EMISION,2.193797e6,,
POL0001912,2024-01-30,EMISION,9.181175e6,,
POL0001913,2024-05-26,EMISION,808563.0,,
POL0001913,2025-04-13,CANCELACION,-104116.0,2025-04-14,2025-05-30
POL0001914,2024-03-30,EMISION,1.529002e6,,
POL0001915,2024-09-20,EMISION,733157.0,,
POL0001916,2024-01-05,EMISION,3.019713e6,,
POL0001917,2024-08-23,EMISION,1.636644e6,,
POL0001918,2024-02-26,EMISION,1.133635e6,,
POL0001919,2024-06-06,EMISION,3.422362e6,,
POL0001920,2024-11-21,EMISION,543371.0,,
POL0001921,2024-05-06,EMISION,1.252885e6,,
POL0001922,2023-06-16,EMISION,1.048293e6,,
POL0001923,2024-02-04,EMISION,1.859255e6,,
POL0001924,2023-03-03,EMISION,4.637121e6,,
POL0001925,2024-05-29,EMISION,564765.0,,
POL0001926,2024-05-13,EMISION,6.478788e6,,
POL0001927,2023-03-22,EMISION,424112.0,,
POL0001928,2023-11-24,EMISION,2.350191e6,,
POL0001929,2023-02-23,EMISION,779645.0,,
POL0001930,2024-04-13,EMISION,975592.0,,
POL0001931,2024-09-03,EMISION,997960.0,,
POL0001932,2024-02-01,EMISION,4.406744e6,,
POL0001933,2023-07-29,EMISION,3.639753e6,,
POL0001934,2023-11-25,EMISION,2.172511e6,,
POL0001934,2024-04-29,ENDOSO,217251.0,2024-04-29,2025-12-07
POL0001935,2024-01-22,EMISION,2.279718e6,,
POL0001936,2023-09-27,EMISION,2.109461e6,,
POL0001937,2023-09-06,EMISION,1.184505e6,,
POL0001938,2023-05-03,EMISION,1.645375e6,,
POL0001938,2025-02-07,ENDOSO,164538.0,2025-02-07,2026-05-10
POL0001939,2023-01-12,EMISION,744009.0,,
POL0001940,2024-11-02,EMISION,1.113144e6,,
POL0001941,2024-07-29,EMISION,635570.0,,
POL0001942,2023-08-16,EMISION,1.853562e6,,
POL0001942,2024-05-08,ENDOSO,185356.0,2024-05-08,2026-08-23
POL0001943,2023-12-29,EMISION,629942.0,,
POL0001944,2024-12-04,EMISION,2.560124e6,,
POL0001945,2024-01-24,EMISION,484577.0,,
POL0001946,2024-12-17,EMISION,2.231802e6,,
POL0001947,2024-02-07,EMISION,849030.0,,
POL0001948,2024-06-03,EMISION,3.346523e6,,
POL0001949,2023-12-09,EMISION,1.260535e6,,
POL0001950,2024-07-27,EMISION,901667.0,,
POL0001951,2023-09-24,EMISION,4.742823e6,,
POL0001952,2023-04-15,EMISION,1.999737e6,,
POL0001953,2023-02-19,EMISION,1.462021e6,,
POL0001954,2023-11-28,EMISION,1.113347e6,,
POL0001955,2024-05-04,EMISION,3.355536e6,,
POL0001956,2024-01-23,EMISION,1.905658e6,,
POL0001957,2024-09-06,EMISION,1.322463e6,,
POL0001958,2023-06-09,EMISION,3.629869e6,,
POL0001959,2023-08-07,EMISION,1.980662e6,,
POL0001960,2024-12-09,EMISION,619415.0,,
POL0001961,2024-03-05,EMISION,4.724265e6,,
POL0001962,2023-03-13,EMISION,3.4921e6,,
POL0001963,2024-11-01,EMISION,4.865467e6,,
POL0001963,2025-07-31,ENDOSO,486547.0,2025-07-31,2025-11-08
POL0001964,2023-02-09,EMISION,373957.0,,
POL0001964,2024-02-10,CANCELACION,-1025.0,2024-02-11,2024-02-11
POL0001965,2024-08-28,EMISION,1.01182e6,,
POL0001966,2024-10-08,EMISION,678246.0,,
POL0001967,2023-10-02,EMISION,6.288767e6,,
POL0001968,2023-12-31,EMISION,4.838449e6,,
POL0001969,2024-07-02,EMISION,688126.0,,
POL0001970,2023-06-21,EMISION,803341.0,,
POL0001971,2023-01-07,EMISION,1.195354e6,,
POL0001971,2023-05-29,CANCELACION,-743412.0,2023-05-30,2024-01-11
POL0001972,2024-04-14,EMISION,778810.0,,
POL0001973,2024-10-10,EMISION,956658.0,,
POL0001974,2023-08-10,EMISION,1.473756e6,,
POL0001975,2024-12-05,EMISION,983418.0,,
POL0001976,2023-03-16,EMISION,2.149409e6,,
POL0001977,2023-12-03,EMISION,4.229004e6,,
POL0001978,2024-04-18,EMISION,714743.0,,
POL0001979,2024-08-08,EMISION,2.097957e6,,
POL0001980,2024-01-09,EMISION,985317.0,,
POL0001981,2023-09-01,EMISION,1.085829e6,,
POL0001981,2025-10-20,ENDOSO,108583.0,2025-10-20,2028-09-14
POL0001982,2024-09-01,EMISION,3.308108e6,,
POL0001983,2024-09-07,EMISION,2.75746e6,,
POL0001984,2023-04-14,EMISION,1.286457e6,,
POL0001985,2023-11-04,EMISION,4.508235e6,,
POL0001986,2024-04-27,EMISION,1.423499e6,,
POL0001987,2024-04-07,EMISION,304484.0,,
POL0001988,2024-03-02,EMISION,1.126511e6,,
POL0001989,2024-05-06,EMISION,4.936731e6,,
POL0001989,2025-04-03,CANCELACION,-473385.0,2025-04-04,2025-05-08
POL0001990,2023-07-10,EMISION,395720.0,,
POL0001991,2023-06-27,EMISION,3.848643e6,,
POL0001992,2024-04-30,EMISION,1.591118e6,,
POL0001993,2024-02-01,EMISION,579909.0,,
POL0001994,2024-06-26,EMISION,650570.0,,
POL0001995,2023-06-22,EMISION,1.792869e6,,
POL0001996,2023-08-20,EMISION,2.059459e6,,
POL0001997,2023-02-18,EMISION,1.059929e6,,
POL0001998,2024-12-09,EMISION,1.064788e6,,
POL0001998,2025-10-14,CANCELACION,-160448.0,2025-10-15,2025-12-08
POL0001999,2024-06-14,EMISION,2.828838e6,,
POL0002000,2024-07-13,EMISION,2.090584e6,,
